"State";"Name";"MAWB";"HAWB";"Tracking Number";"Consignee";"Shipper";"Origin Airport";"Due Date";"Accepted By";"Activation Date";"Assigned Competencies";"Assigned Org. Team";"Assigned Role";"Assigned To";"Cancel Count";"Created";"Custom Task Id";"Description";"Error Code";"Error Message";"Escalated";"Escalation Date";"Internal State";"Last Accepted By";"Last Accepted Date";"Last Modified";"Last Modified By";"Notification Date";"Notified";"Postponed Date";"Priority";"Process Instance Id";"Process Iteration";"Process Model Id";"Process Model Version";"Step Id";"Step Iteration";"Support Instructions";"Task Id";"Task Location Info";"Task Notes";"Task Type Id";"AI ToDoTask Assignee Office";"Assignee Office";"BAL Type";"CFS destination";"CFS origin";"Carrier";"Chargeable weight";"Consignee CIP";"Consignee code";"Consignee contact office";"Country";"Customs Procedure";"Customs Service Office equals Main Office";"Customs acceptance status";"Customs handling";"Customs office";"Customs stage";"Dangerous goods";"Delivery Service Office equals Main Office";"Delivery acceptance status";"Delivery office";"Delivery stage";"Delivery term";"Department";"Destination";"Destination Airport";"Destination Airport Country";"Destination Airport Region";"Destination Country";"Destination Region";"ETA";"ETS";"Export Office";"File Level";"Final Milestone 1300";"Final Milestone 1405";"Flight Delayed Duration";"Gateway Customs Service Office equals Main Office";"Handover Service Office equals Main Office";"Handover acceptance status";"Handover office";"Handover stage";"Haulier";"Haulier (Supplier)";"Haulier CID";"Haulier Code";"INCO term";"Import Gateway Office";"Import Office";"Inbound Handling Data";"Initial Status Code";"Insurance Service Office equals Main Office";"Insurance acceptance status";"Insurance office";"Insurance stage";"Location";"Main Office active";"Main office";"Milestone 1280";"Milestone 1300";"Milestone 1400";"Milestone 1405";"Milestone 1410";"Milestone 1700";"Milestone 2200";"Milestone 2210";"Milestone 2300";"Milestone 3000";"Movement type";"Notify party";"Notify party CIP";"Notify party code";"Number of pieces";"OBL number";"Origin";"Origin Airport Country";"Origin Airport Region";"Origin Country";"Origin Region";"Port of discharge";"Port of loading";"Prepared By";"Principal";"Principal CIP";"Principal code";"Product";"Product Group Code";"Product code";"RIW Location";"Region";"Service Type Code";"Shipment file prepared";"Shipment type";"Shipment type sorting";"Shipper CIP";"Shipper code";"Status 1249";"Status 1300";"Status 1405";"Status 1410";"Status 1420/RIW";"Status 1500";"Status 1598";"Status 1600";"Status 2200";"Status 2210";"Status 2300";"Status 3000";"Status 9600";"Volume";"Weight"
"Overdue";"Prepare Bond Manifest";"014-49292504";"DTM-83836856";"1022116748";"Trimen Electric Ltd";"ERCO GmbH";"DTM";"17-Sep-2018 02:50";"";"16-Sep-2018 11:17";"";"ORGUNIT_SALOG_CAKN_CACAL_AI";"FA_IMP_Customs";"";"0";"16-Sep-2018 11:17";"";"Arrange local Customs Handling for the related Shipment.";"";"";"False";"";"active";"";"";"26-Sep-2018 03:17";"administrator";"";"False";"";"none";"ed687590-2042-1a8c-8d74-a2bf6b137d75";"1";"KN_BPA_GSC_AirlogImportProcess/AI0115_S_Prepare_And_Arrange_Customs_Handling";"";"S13";"1";"";"140942588";"NAM/CA/CACAL/AI";"";"AI0110T0202";"";"";"";"";"";"AC";"63";"1003165791";"TRIMCACAL001";"ORGUNIT_SALOG_CAKN_CACAL_AI";"";"";"False";"ACC";"";"ORGUNIT_SALOG_CAKN_CACAL_AI";"ORD";"False";"False";"ACC";"ORGUNIT_SALOG_CAKN_CACAL_AI";"ORD";"";"";"YYC";"YYC";"CA";"NAM";"CA";"NAM";"27-Sep-2018 13:50";"27-Sep-2018 04:30";"ORGUNIT_SALOG_DEKN_DEDTM_AE";"SingleFile";"";"";"";"False";"False";"CIE";"";"NOR";"";"";"";"";"DAP";"";"ORGUNIT_SALOG_CAKN_CACAL_AI";"";"KNIE";"False";"";"";"NOR";"";"True";"ORGUNIT_SALOG_CAKN_CACAL_AI";"26-Sep-2018 22:30";"";"27-Sep-2018 13:50";"27-Sep-2018 19:50";"27-Sep-2018 19:51";"27-Sep-2018 21:51";"28-Sep-2018 08:00";"01-Oct-2018 11:00";"17-Sep-2018 02:50";"17-Sep-2018 08:50";"";"";"";"";"4";"";"DTM";"DE";"CEE";"DE";"CEE";"";"";"dennis.salas";"ERCO GmbH";"1000005574";"ERCODELUE001";"GEN-PX";"GEN";"PX";"";"";"HAWB";"True";"";"";"1000005574";"ERCODELUE001";"26-Sep-2018 00:52";"";"";"";"";"";"";"";"";"";"";"";"16-Sep-2018 11:15";"0.16688";"62.5"
"Overdue";"Prepare Bond Manifest";"";"607180999900";"1022213678";"BC Hydro";"Southern States, llc.";"";"19-Sep-2018 20:08";"";"19-Sep-2018 07:08";"";"ORGUNIT_SALOG_CAKN_CARBC_AI";"FA_IMP_Customs";"";"0";"19-Sep-2018 07:08";"";"Arrange local Customs Handling for the related Shipment.";"";"";"False";"";"active";"nakyeon.cho";"25-Sep-2018 16:59";"25-Sep-2018 16:59";"sysadmin";"";"False";"";"none";"77cd49a0-df84-1b68-8150-a597b81ef77c";"1";"KN_BPA_GSC_AirlogImportProcess/AI0115_S_Prepare_And_Arrange_Customs_Handling";"";"S13";"1";"";"141273044";"NAM/CA/CAYVR/AI";"";"AI0110T0202";"";"";"";"";"";"";"406";"1000988133";"BCHYCASUR001";"";"";"";"False";"PEN";"";"ORGUNIT_SALOG_CAKN_CARBC_AI";"ORD";"False";"False";"";"";"NOR";"";"";"YYZ";"";"";"";"CA";"NAM";"";"";"";"SingleFile";"";"";"";"False";"False";"";"";"NOR";"";"";"";"";"DDU";"";"ORGUNIT_SALOG_USKN_USATL_AI";"";"MANUAL";"False";"";"";"NOR";"";"True";"ORGUNIT_SALOG_USKN_USATL_AI";"19-Sep-2018 19:08";"";"";"19-Sep-2018 08:08";"";"";"19-Sep-2018 20:08";"";"19-Sep-2018 20:08";"20-Sep-2018 02:08";"";"";"";"";"1";"";"ATL";"";"";"US";"NAM";"";"";"";"Southern States, llc.";"1001068711";"SOUTUSHAM001";"XZ-XX";"XZ";"XX";"";"";"MISC";"True";"";"";"1001068711";"SOUTUSHAM001";"";"";"";"";"";"";"";"";"";"";"";"";"19-Sep-2018 07:08";"2";"406"
"Overdue";"Prepare Bond Manifest";"014-49168895";"";"1021341898";"Lions Gate Fisheries Ltd";"Dawnfresh Seafoods Ltd";"LHR";"19-Sep-2018 23:30";"";"26-Sep-2018 05:35";"";"ORGUNIT_SALOG_CAKN_CARBC_AI";"FA_IMP_Customs";"";"0";"26-Sep-2018 05:35";"";"Arrange local Customs Handling for the related Shipment.";"";"";"False";"";"active";"";"";"26-Sep-2018 05:35";"administrator";"";"False";"";"none";"c18b8480-1dd0-1ae5-9c15-afa2932f0821";"1";"KN_BPA_GSC_AirlogImportProcess/AI0115_S_Prepare_And_Arrange_Customs_Handling";"";"S13";"1";"";"141951414";"NAM/CA/CAYVR/AI";"";"AI0110T0202";"";"";"";"";"";"AC";"5538";"1001177181";"LIONCADEL001";"ORGUNIT_SALOG_CAKN_CARBC_AI";"";"Customs Cleared";"True";"ACC";"";"ORGUNIT_SALOG_CAKN_CARBC_AI";"ORD";"False";"False";"";"";"NOR";"";"";"YVR";"YVR";"CA";"NAM";"CA";"NAM";"19-Sep-2018 10:30";"19-Sep-2018 02:05";"ORGUNIT_SALOG_GBKN_GBLHP_AP";"SingleFile";"";"19-Sep-2018 11:02";"";"False";"True";"ACC";"ORGUNIT_SALOG_CAKN_CARBC_AI";"ORD";"";"";"";"";"CFR";"";"ORGUNIT_SALOG_CAKN_CARBC_AI";"";"KNIE";"False";"ACC";"";"NOR";"";"True";"ORGUNIT_SALOG_CAKN_CARBC_AI";"19-Sep-2018 01:35";"19-Sep-2018 02:05";"19-Sep-2018 11:30";"19-Sep-2018 17:30";"19-Sep-2018 19:30";"";"19-Sep-2018 23:30";"";"19-Sep-2018 23:30";"20-Sep-2018 05:30";"";"";"";"";"2";"";"LHR";"GB";"WEU";"GB";"WEU";"";"";"";"Dawnfresh Seafoods Ltd";"1001448509";"DAWNGBUDD001";"AP-FIS";"AP";"FIS";"";"";"IATA";"True";"";"";"1001448509";"DAWNGBUDD001";"";"19-Sep-2018 02:05";"19-Sep-2018 11:02";"";"";"20-Sep-2018 08:37";"";"";"20-Sep-2018 08:37";"20-Sep-2018 05:00";"";"";"19-Sep-2018 11:29";"0.002";"5538"
"Overdue";"Prepare Bond Manifest";"125-83099192";"POS-00007313";"1022162994";"Weatherford Canada Ltd";"Weatherford Trinidad Limited";"POS";"21-Sep-2018 06:40";"";"17-Sep-2018 09:25";"";"ORGUNIT_SALOG_CAKN_CAYEA_AI";"FA_IMP_Customs";"";"0";"17-Sep-2018 09:25";"";"Arrange local Customs Handling for the related Shipment.";"";"";"False";"";"active";"irene.garcia-paulin";"21-Sep-2018 14:56";"21-Sep-2018 14:56";"sysadmin";"";"False";"";"none";"03976a70-7be0-1f8f-b8fa-e7068194f825";"1";"KN_BPA_GSC_AirlogImportProcess/AI0115_S_Prepare_And_Arrange_Customs_Handling";"";"S13";"1";"";"141050887";"NAM/CA/CAEDM/AI";"";"AI0110T0202";"";"";"";"";"";"BA";"468";"1002349734";"WEATCAEDM022";"ORGUNIT_SALOG_CAKN_CAYEA_AI";"";"Bond Manifest";"True";"ACC";"";"ORGUNIT_SALOG_CAKN_CAYEA_AI";"ORD";"False";"True";"ACC";"ORGUNIT_SALOG_CAKN_CAYEA_AI";"ORD";"";"";"YEG";"YEG";"CA";"NAM";"CA";"NAM";"20-Sep-2018 17:40";"18-Sep-2018 14:20";"ORGUNIT_SALOG_TTKN_TTPOS_AE";"SingleFile";"";"";"";"False";"False";"";"";"NOR";"";"";"";"";"CPT";"";"ORGUNIT_SALOG_CAKN_CAYEA_AI";"";"KNIE";"False";"CIE";"";"NOR";"";"True";"ORGUNIT_SALOG_CAKN_CAYEA_AI";"18-Sep-2018 10:20";"18-Sep-2018 14:20";"20-Sep-2018 17:40";"20-Sep-2018 23:40";"21-Sep-2018 01:40";"21-Sep-2018 03:40";"21-Sep-2018 12:40";"24-Sep-2018 11:00";"21-Sep-2018 06:40";"21-Sep-2018 12:40";"";"";"";"";"1";"";"POS";"TT";"SCA";"TT";"SCA";"";"";"dennis.salas";"Weatherford Trinidad Limited";"1000743621";"WEATTTCHA001";"GEN-PX";"GEN";"PX";"";"";"HAWB";"True";"";"";"1000743621";"WEATTTCHA001";"18-Sep-2018 08:30";"";"";"";"";"";"";"";"";"";"";"";"17-Sep-2018 09:24";"2.372832";"452"
"Overdue";"Prepare Bond Manifest";"057-65499066";"1022199339";"1022199339";"The Authentic T Shirt Company Ulc";"Mazava Sportswear SARL";"TNR";"24-Sep-2018 06:00";"";"25-Sep-2018 23:24";"";"ORGUNIT_SALOG_CAKN_CARBC_AI";"FA_IMP_Customs";"";"0";"25-Sep-2018 23:24";"";"Arrange local Customs Handling for the related Shipment.";"";"";"False";"";"active";"";"";"26-Sep-2018 04:20";"administrator";"";"False";"";"none";"038f4920-c7e9-1a10-ac99-c40d1a97ef4a";"1";"KN_BPA_GSC_AirlogImportProcess/AI0115_S_Prepare_And_Arrange_Customs_Handling";"";"S13";"1";"";"141906521";"NAM/CA/CAYVR/AI";"";"AI0110T0202";"";"";"";"";"";"AF";"478.5";"1001706844";"THEACAVAN001";"";"";"Bond Manifest";"True";"ACC";"";"ORGUNIT_SALOG_CAKN_CARBC_AI";"ORD";"False";"True";"ACC";"ORGUNIT_SALOG_CAKN_CARBC_AI";"ORD";"";"";"YVR";"YVR";"CA";"NAM";"CA";"NAM";"23-Sep-2018 17:00";"19-Sep-2018 17:00";"ORGUNIT_SALOG_MUKN_MUMRU_AE";"SingleFile";"";"";"";"False";"False";"";"";"NOR";"";"";"";"";"FOB";"";"ORGUNIT_SALOG_CAKN_CARBC_AI";"";"KNIE";"False";"";"";"NOR";"";"True";"ORGUNIT_SALOG_CAKN_CARBC_AI";"26-Sep-2018 11:24";"";"23-Sep-2018 17:00";"23-Sep-2018 18:00";"";"";"24-Sep-2018 06:00";"";"24-Sep-2018 06:00";"24-Sep-2018 12:00";"";"";"";"";"54";"";"TNR";"MG";"MEA";"MG";"MEA";"";"";"";"The Authentic T Shirt Company Ulc";"1001706844";"THEACAVAN001";"GEN-TX";"GEN";"TX";"";"";"COLOOUT";"True";"";"";"1001116434";"MAZAMGANT001";"";"";"";"";"";"";"";"";"";"";"";"";"";"2.86979";"414"
"Active";"Prepare Bond Manifest";"086-52785051";"1022295224";"1022295224";"Seawings Express International Limited";"NEW ZEALAND DEFENCE FORCE";"AKL";"27-Sep-2018 13:00";"";"25-Sep-2018 07:27";"";"ORGUNIT_SALOG_CAKN_CARBC_AI";"FA_IMP_Customs";"";"0";"25-Sep-2018 07:27";"";"Arrange local Customs Handling for the related Shipment.";"";"";"False";"";"active";"";"";"25-Sep-2018 18:00";"administrator";"";"False";"";"none";"e35f0570-1089-1e18-a92a-dac235636acc";"1";"KN_BPA_GSC_AirlogImportProcess/AI0115_S_Prepare_And_Arrange_Customs_Handling";"";"S13";"1";"";"141844118";"NAM/CA/CAYVR/AI";"";"AI0110T0202";"";"";"";"";"";"NZ";"192";"1000581570";"SEAWCASID001";"ORGUNIT_SALOG_CAKN_CARBC_AI";"";"";"True";"ACC";"";"ORGUNIT_SALOG_CAKN_CARBC_AI";"ORD";"False";"True";"ACC";"ORGUNIT_SALOG_CAKN_CARBC_AI";"ORD";"";"";"YVR";"YVR";"CA";"NAM";"CA";"NAM";"25-Sep-2018 14:05";"25-Sep-2018 01:05";"ORGUNIT_SALOG_NZKN_NZAKL_AE";"SingleFile";"";"25-Sep-2018 17:57";"";"False";"False";"";"";"NOR";"";"";"";"";"DDP";"";"ORGUNIT_SALOG_CAKN_CARBC_AI";"";"KNIE";"False";"";"";"NOR";"";"True";"ORGUNIT_SALOG_CAKN_CARBC_AI";"24-Sep-2018 23:05";"25-Sep-2018 01:05";"25-Sep-2018 14:05";"25-Sep-2018 16:05";"25-Sep-2018 18:05";"26-Sep-2018 10:00";"27-Sep-2018 13:00";"28-Sep-2018 08:00";"27-Sep-2018 13:00";"27-Sep-2018 23:00";"";"";"";"";"1";"";"AKL";"NZ";"SAP";"NZ";"SAP";"";"";"dennis.salas";"NEW ZEALAND DEFENCE FORCE";"1002611871";"NEWZNZWEL013";"AA-ROU";"AA";"ROU";"";"";"HAWB";"True";"";"";"1002611871";"NEWZNZWEL013";"";"25-Sep-2018 01:10";"25-Sep-2018 17:57";"";"";"";"";"";"";"";"";"";"25-Sep-2018 07:24";"1.1495";"133"
"Active";"Prepare Bond Manifest";"086-52785051";"1022294984";"1022294984";"Seawings Express International Limited";"NEW ZEALAND DEFENCE FORCE";"AKL";"27-Sep-2018 13:00";"";"25-Sep-2018 07:28";"";"ORGUNIT_SALOG_CAKN_CARBC_AI";"FA_IMP_Customs";"";"0";"25-Sep-2018 07:28";"";"Arrange local Customs Handling for the related Shipment.";"";"";"False";"";"active";"";"";"25-Sep-2018 18:00";"administrator";"";"False";"";"none";"001bf1e0-f750-1b26-b77a-e8fa8b3a7ff0";"1";"KN_BPA_GSC_AirlogImportProcess/AI0115_S_Prepare_And_Arrange_Customs_Handling";"";"S13";"1";"";"141844307";"NAM/CA/CAYVR/AI";"";"AI0110T0202";"";"";"";"";"";"NZ";"142";"1000581570";"SEAWCASID001";"ORGUNIT_SALOG_CAKN_CARBC_AI";"";"";"True";"ACC";"";"ORGUNIT_SALOG_CAKN_CARBC_AI";"ORD";"False";"True";"ACC";"ORGUNIT_SALOG_CAKN_CARBC_AI";"ORD";"";"";"YVR";"YVR";"CA";"NAM";"CA";"NAM";"25-Sep-2018 14:05";"25-Sep-2018 01:05";"ORGUNIT_SALOG_NZKN_NZAKL_AE";"SingleFile";"";"25-Sep-2018 17:57";"";"False";"False";"";"";"NOR";"";"";"";"";"DDP";"";"ORGUNIT_SALOG_CAKN_CARBC_AI";"";"KNIE";"False";"";"";"NOR";"";"True";"ORGUNIT_SALOG_CAKN_CARBC_AI";"24-Sep-2018 23:05";"25-Sep-2018 01:05";"25-Sep-2018 14:05";"25-Sep-2018 16:05";"25-Sep-2018 18:05";"26-Sep-2018 10:00";"27-Sep-2018 13:00";"28-Sep-2018 08:00";"27-Sep-2018 13:00";"27-Sep-2018 23:00";"";"";"";"";"1";"";"AKL";"NZ";"SAP";"NZ";"SAP";"";"";"dennis.salas";"NEW ZEALAND DEFENCE FORCE";"1002611871";"NEWZNZWEL013";"AA-ROU";"AA";"ROU";"";"";"HAWB";"True";"";"";"1002611871";"NEWZNZWEL013";"";"25-Sep-2018 01:10";"25-Sep-2018 17:57";"";"";"";"";"";"";"";"";"";"25-Sep-2018 07:27";"0.851034";"124"
"Active";"Prepare Bond Manifest";"014-49292504";"LNZ-18361849";"1022298574";"Ag Canada - Swift Current";"Wintersteiger Inc";"LNZ";"28-Sep-2018 02:50";"";"24-Sep-2018 08:32";"";"ORGUNIT_SALOG_CAKN_CAWNP_AI";"FA_IMP_Customs";"";"0";"24-Sep-2018 08:32";"";"Arrange local Customs Handling for the related Shipment.";"";"";"False";"";"active";"";"";"26-Sep-2018 02:00";"administrator";"";"False";"";"none";"abeb3830-370d-1acd-9439-cd5cb6cf780a";"1";"KN_BPA_GSC_AirlogImportProcess/AI0115_S_Prepare_And_Arrange_Customs_Handling";"";"S13";"1";"";"141723238";"NAM/CA/CAWNP/AI";"";"AI0110T0202";"";"";"";"";"";"AC";"160";"1002492779";"AGCACASWI001";"ORGUNIT_SALOG_CAKN_CAWNP_AI";"";"";"False";"ACC";"";"ORGUNIT_SALOG_CAKN_CAWNP_AI";"ORD";"False";"False";"ACC";"ORGUNIT_SALOG_CAKN_CAWNP_AI";"ORD";"";"";"YYC";"YYC";"CA";"NAM";"CA";"NAM";"27-Sep-2018 13:50";"27-Sep-2018 04:30";"ORGUNIT_SALOG_ATKN_ATLNZ_AE";"SingleFile";"";"";"";"False";"False";"";"";"NOR";"";"";"";"";"EXW";"";"ORGUNIT_SALOG_CAKN_CACAL_AI";"";"KNIE";"False";"";"";"NOR";"";"True";"ORGUNIT_SALOG_CAKN_CAWNP_AI";"27-Sep-2018 00:30";"";"27-Sep-2018 13:50";"27-Sep-2018 19:50";"27-Sep-2018 19:51";"27-Sep-2018 21:51";"28-Sep-2018 08:00";"01-Oct-2018 11:00";"28-Sep-2018 02:50";"28-Sep-2018 08:50";"";"";"";"";"1";"";"LNZ";"AT";"CEE";"AT";"CEE";"";"";"dennis.salas";"Ag Canada - Swift Current";"1002492779";"AGCACASWI001";"GEN-PX";"GEN";"PX";"";"";"HAWB";"True";"";"";"1001167247";"WINTUSSAL001";"";"";"";"";"";"";"";"";"";"";"";"";"24-Sep-2018 08:31";"0.96";"100"
"Active";"Prepare Bond Manifest";"074-18715421";"1022300542";"1022300542";"Epiroc Customer Center";"Epiroc Rock Drills Ab";"ARN";"28-Sep-2018 03:30";"";"25-Sep-2018 07:47";"";"ORGUNIT_SALOG_CAKN_CAYEA_AI";"FA_IMP_Customs";"";"0";"25-Sep-2018 07:47";"";"Arrange local Customs Handling for the related Shipment.";"";"";"False";"";"active";"renan.curimbaba";"25-Sep-2018 17:48";"25-Sep-2018 17:53";"sysadmin";"";"False";"";"none";"b62b52a0-520f-1077-b1c0-e40291ebad06";"1";"KN_BPA_GSC_AirlogImportProcess/AI0115_S_Prepare_And_Arrange_Customs_Handling";"";"S13";"1";"";"141847879";"NAM/CA/CAEDM/AI";"";"AI0110T0202";"";"";"";"";"";"KL";"4.5";"1000914522";"ATLACAMIS001";"ORGUNIT_SALOG_CAKN_CAYEA_AI";"";"Bond Manifest";"True";"ACC";"";"ORGUNIT_SALOG_CAKN_CAYEA_AI";"ORD";"True";"False";"";"";"NOR";"";"";"YEG";"YEG";"CA";"NAM";"CA";"NAM";"27-Sep-2018 14:30";"26-Sep-2018 11:20";"ORGUNIT_SALOG_SEKN_SESTO_AE";"SingleFile";"";"";"";"False";"True";"ACC";"ORGUNIT_SALOG_CAKN_CAYEA_AI";"ORD";"";"";"";"";"CIP";"";"ORGUNIT_SALOG_CAKN_CAYEA_AI";"";"KNIE";"False";"ACC";"";"NOR";"";"True";"ORGUNIT_SALOG_CAKN_CAYEA_AI";"26-Sep-2018 09:20";"26-Sep-2018 11:20";"27-Sep-2018 14:30";"27-Sep-2018 16:30";"27-Sep-2018 13:00";"28-Sep-2018 10:00";"29-Sep-2018 11:00";"01-Oct-2018 11:00";"28-Sep-2018 03:30";"28-Sep-2018 09:30";"";"";"";"";"1";"";"ARN";"SE";"WEU";"SE";"WEU";"";"";"dennis.salas";"Epiroc Rock Drills Ab";"1000073762";"ATLASEOER001";"GEN-PX";"GEN";"PX";"";"";"HAWB";"True";"";"";"1000073762";"ATLASEOER001";"";"";"";"";"";"";"";"";"25-Sep-2018 17:52";"";"";"";"25-Sep-2018 07:45";"0.022176";"4.1"
"Active";"Prepare Bond Manifest";"074-18715421";"1022300543";"1022300543";"Epiroc Customer Center";"Epiroc Rock Drills Ab";"ARN";"28-Sep-2018 03:30";"";"25-Sep-2018 07:50";"";"ORGUNIT_SALOG_CAKN_CAYEA_AI";"FA_IMP_Customs";"";"0";"25-Sep-2018 07:50";"";"Arrange local Customs Handling for the related Shipment.";"";"";"False";"";"active";"";"";"25-Sep-2018 07:50";"administrator";"";"False";"";"none";"067ec0b0-7cef-1f36-a69b-ea3fe3f8affc";"1";"KN_BPA_GSC_AirlogImportProcess/AI0115_S_Prepare_And_Arrange_Customs_Handling";"";"S13";"1";"";"141848865";"NAM/CA/CAEDM/AI";"";"AI0110T0202";"";"";"";"";"";"KL";"5.5";"1000914522";"ATLACAMIS001";"ORGUNIT_SALOG_CAKN_CAYEA_AI";"";"";"True";"ACC";"";"ORGUNIT_SALOG_CAKN_CAYEA_AI";"ORD";"True";"False";"";"";"NOR";"";"";"YEG";"YEG";"CA";"NAM";"CA";"NAM";"27-Sep-2018 14:30";"26-Sep-2018 11:20";"ORGUNIT_SALOG_SEKN_SESTO_AE";"SingleFile";"";"";"";"False";"True";"ACC";"ORGUNIT_SALOG_CAKN_CAYEA_AI";"ORD";"";"";"";"";"CIP";"";"ORGUNIT_SALOG_CAKN_CAYEA_AI";"";"KNIE";"False";"ACC";"";"NOR";"";"True";"ORGUNIT_SALOG_CAKN_CAYEA_AI";"26-Sep-2018 09:20";"26-Sep-2018 11:20";"27-Sep-2018 14:30";"27-Sep-2018 16:30";"27-Sep-2018 13:00";"28-Sep-2018 10:00";"29-Sep-2018 11:00";"01-Oct-2018 11:00";"28-Sep-2018 03:30";"28-Sep-2018 09:30";"";"";"";"";"1";"";"ARN";"SE";"WEU";"SE";"WEU";"";"";"dennis.salas";"Epiroc Rock Drills Ab";"1000073762";"ATLASEOER001";"GEN-PX";"GEN";"PX";"";"";"HAWB";"True";"";"";"1000073762";"ATLASEOER001";"";"";"";"";"";"";"";"";"";"";"";"";"25-Sep-2018 07:48";"0.03146";"3.3"
"Active";"Prepare Bond Manifest";"074-16467286";"MUC-85147423";"1022130157";"Calvin Bach Barr West Express";"Oil press GmbH & Co. KG";"FRA";"28-Sep-2018 09:59";"";"15-Sep-2018 11:56";"";"ORGUNIT_SALOG_CAKN_CAYEA_AI";"FA_IMP_Customs";"";"0";"15-Sep-2018 11:56";"";"Arrange local Customs Handling for the related Shipment.";"";"";"False";"";"active";"irene.garcia-paulin";"24-Sep-2018 13:58";"25-Sep-2018 16:48";"administrator";"";"False";"";"none";"339acc80-32f8-1c0d-8855-b4af74cda91a";"1";"KN_BPA_GSC_AirlogImportProcess/AI0115_S_Prepare_And_Arrange_Customs_Handling";"";"S13";"1";"";"140910393";"NAM/CA/CAEDM/AI";"";"AI0110T0202";"";"";"";"";"";"KL";"517.5";"1003165804";"CALVCABAR001";"ORGUNIT_SALOG_CAKN_CAYEA_AI";"";"Bond Manifest";"True";"ACC";"";"ORGUNIT_SALOG_CAKN_CAYEA_AI";"ORD";"False";"True";"ACC";"ORGUNIT_SALOG_CAKN_CAYEA_AI";"ORD";"";"";"YEG";"YEG";"CA";"NAM";"CA";"NAM";"24-Sep-2018 14:35";"22-Sep-2018 14:50";"ORGUNIT_SALOG_DEKN_DEMUC_AE";"SingleFile";"";"24-Sep-2018 17:47";"";"False";"False";"";"";"NOR";"";"";"";"";"DAP";"";"ORGUNIT_SALOG_CAKN_CAYEA_AI";"";"KNIE";"False";"";"";"NOR";"";"True";"ORGUNIT_SALOG_CAKN_CAYEA_AI";"22-Sep-2018 11:50";"";"24-Sep-2018 14:35";"24-Sep-2018 16:35";"24-Sep-2018 18:35";"25-Sep-2018 10:00";"25-Sep-2018 03:35";"";"28-Sep-2018 09:59";"02-Oct-2018 10:00";"";"";"";"";"2";"";"MUC";"DE";"CEE";"DE";"CEE";"";"";"dennis.salas";"Oil press GmbH & Co. KG";"1001941046";"OILPDEREU001";"GEN-TX";"GEN";"TX";"";"";"HAWB";"True";"";"";"1001941046";"OILPDEREU001";"21-Sep-2018 21:38";"25-Sep-2018 06:08";"24-Sep-2018 17:47";"";"";"";"";"";"25-Sep-2018 16:48";"";"";"";"15-Sep-2018 11:53";"3.104";"490"
"Active";"Prepare Bond Manifest";"074-18914976";"1022228915";"1022228915";"Benson Industries Ltd";"Attimec Italia S.r.l.";"SWK";"28-Sep-2018 13:00";"";"24-Sep-2018 07:32";"";"ORGUNIT_SALOG_CAKN_CARBC_AI";"FA_IMP_Customs";"";"0";"24-Sep-2018 07:32";"";"Arrange local Customs Handling for the related Shipment.";"";"";"False";"";"active";"natasha.turner";"24-Sep-2018 16:04";"26-Sep-2018 07:29";"administrator";"";"False";"";"none";"eed4f930-918f-16a6-8413-ba15c31984dc";"1";"KN_BPA_GSC_AirlogImportProcess/AI0115_S_Prepare_And_Arrange_Customs_Handling";"";"S13";"1";"";"141715204";"NAM/CA/CAYVR/AI";"";"AI0110T0202";"";"";"";"";"";"KL";"4032";"1000171977";"BENSCASAA001";"ORGUNIT_SALOG_CAKN_CARBC_AI";"";"";"True";"ACC";"";"ORGUNIT_SALOG_CAKN_CARBC_AI";"ORD";"False";"True";"ACC";"ORGUNIT_SALOG_CAKN_CARBC_AI";"ORD";"";"";"YVR";"YVR";"CA";"NAM";"CA";"NAM";"26-Sep-2018 15:50";"24-Sep-2018 14:00";"ORGUNIT_SALOG_ITKN_ITVRN_AE";"SingleFile";"";"";"";"True";"False";"ACC";"";"NOR";"";"";"";"";"EXW";"";"ORGUNIT_SALOG_CAKN_CARBC_AI";"";"KNIE";"False";"";"";"NOR";"";"True";"ORGUNIT_SALOG_CAKN_CARBC_AI";"24-Sep-2018 12:00";"24-Sep-2018 14:00";"26-Sep-2018 15:50";"26-Sep-2018 17:50";"28-Sep-2018 15:00";"27-Sep-2018 10:00";"27-Sep-2018 04:50";"";"28-Sep-2018 13:00";"28-Sep-2018 22:00";"";"";"";"";"4";"";"VRN";"IT";"WEU";"IT";"WEU";"";"";"dennis.salas";"Benson Industries Ltd";"1000171977";"BENSCASAA001";"GEN-PX";"GEN";"PX";"";"";"HAWB";"True";"";"";"1001896008";"ATTIITCOD002";"";"26-Sep-2018 06:48";"25-Sep-2018 22:50";"";"";"";"";"";"";"";"";"";"24-Sep-2018 07:31";"6.96875";"4032"
"Active";"Prepare Bond Manifest";"014-45294874";"1022299343";"1022299343";"Mtu Maintenance Canada Ltd.";"Turbine Overhaul Services Pte Ltd";"SIN";"28-Sep-2018 22:25";"";"26-Sep-2018 07:08";"";"ORGUNIT_SALOG_CAKN_CARBC_AI";"FA_IMP_Customs";"";"0";"26-Sep-2018 07:08";"";"Arrange local Customs Handling for the related Shipment.";"";"";"False";"";"active";"";"";"26-Sep-2018 07:08";"administrator";"";"False";"";"none";"61bc3160-fae3-1235-828c-d851a872cafa";"1";"KN_BPA_GSC_AirlogImportProcess/AI0115_S_Prepare_And_Arrange_Customs_Handling";"";"S13";"1";"";"141963928";"NAM/CA/CAYVR/AI";"";"AI0110T0202";"";"";"";"";"";"AC";"14";"1000775538";"MTUMCARIC001";"ORGUNIT_SALOG_CAKN_CARBC_AI";"";"";"True";"ACC";"";"ORGUNIT_SALOG_CAKN_CARBC_AI";"ORD";"False";"False";"ACC";"";"NOR";"";"";"YVR";"YVR";"CA";"NAM";"CA";"NAM";"28-Sep-2018 09:25";"26-Sep-2018 15:10";"ORGUNIT_SALOG_SGKN_SGSIN_AEA";"SingleFile";"";"";"";"False";"False";"";"";"NOR";"";"";"";"";"EXW";"";"ORGUNIT_SALOG_CAKN_CARBC_AI";"";"KNIE";"False";"";"";"NOR";"";"True";"ORGUNIT_SALOG_CAKN_CARBC_AI";"26-Sep-2018 13:10";"26-Sep-2018 15:10";"28-Sep-2018 09:25";"28-Sep-2018 11:25";"27-Sep-2018 15:00";"28-Sep-2018 15:25";"30-Sep-2018 09:25";"01-Oct-2018 08:00";"28-Sep-2018 22:25";"29-Sep-2018 04:25";"";"";"";"";"2";"";"SIN";"SG";"SAP";"SG";"SAP";"";"";"dennis.salas";"Mtu Maintenance Canada Ltd.";"1000775538";"MTUMCARIC001";"AA-ROU";"AA";"ROU";"";"";"HAWB";"True";"";"";"1000092809";"TURBSGSIN001";"";"";"";"";"";"";"";"";"";"";"";"";"26-Sep-2018 05:47";"0.05888";"14"
"Active";"Prepare Bond Manifest";"881-01826672";"1021203399";"1021203399";"WDFG Vancouver Ltd Partnership";"Hermes Sellier";"CDG";"29-Sep-2018 01:00";"";"25-Sep-2018 07:30";"";"ORGUNIT_SALOG_CAKN_CARBC_AI";"FA_IMP_Customs";"";"0";"25-Sep-2018 07:30";"";"Arrange local Customs Handling for the related Shipment.";"";"";"False";"";"active";"";"";"25-Sep-2018 07:30";"administrator";"";"False";"";"none";"0c9f1520-d0de-1cef-87be-9432b1ba239a";"1";"KN_BPA_GSC_AirlogImportProcess/AI0115_S_Prepare_And_Arrange_Customs_Handling";"";"S13";"1";"";"141844454";"NAM/CA/CAYVR/AI";"";"AI0110T0202";"";"";"";"";"";"DE";"1267.5";"1000991256";"WDFGCARIC003";"ORGUNIT_SALOG_CAKN_CARBC_AI";"";"";"True";"ACC";"";"ORGUNIT_SALOG_CAKN_CARBC_AI";"ORD";"False";"False";"ACC";"";"NOR";"";"";"YVR";"YVR";"CA";"NAM";"CA";"NAM";"28-Sep-2018 12:00";"28-Sep-2018 02:00";"ORGUNIT_SALOG_FRKN_FRCDG_AE";"SingleFile";"";"";"";"False";"True";"ACC";"ORGUNIT_SALOG_CAKN_CARBC_AI";"ORD";"";"";"";"";"EXW";"";"ORGUNIT_SALOG_CAKN_CARBC_AI";"";"KNIE";"False";"";"";"NOR";"";"True";"ORGUNIT_SALOG_CAKN_CARBC_AI";"28-Sep-2018 00:00";"28-Sep-2018 02:00";"28-Sep-2018 12:00";"28-Sep-2018 14:00";"28-Sep-2018 16:00";"29-Sep-2018 09:00";"30-Sep-2018 12:00";"01-Oct-2018 08:00";"29-Sep-2018 01:00";"29-Sep-2018 07:00";"";"";"";"";"77";"";"CDG";"FR";"WEU";"FR";"WEU";"";"";"dennis.salas";"WDFG Vancouver Ltd Partnership";"1000991256";"WDFGCARIC003";"GEN-TX";"GEN";"TX";"";"";"HAWB";"True";"";"";"1001478623";"HERMFRBOB002";"";"";"";"";"";"";"";"";"";"";"";"";"25-Sep-2018 07:29";"7.602247";"552.6"
"Active";"Prepare Bond Manifest";"014-50200872";"1022321275";"1022321275";"Ballard Power Systems Inc.";"Nisshinbo Chemical";"NRT";"29-Sep-2018 09:25";"";"26-Sep-2018 07:03";"";"ORGUNIT_SALOG_CAKN_CARBC_AI";"FA_IMP_Customs";"";"0";"26-Sep-2018 07:03";"";"Arrange local Customs Handling for the related Shipment.";"";"";"False";"";"active";"";"";"26-Sep-2018 07:03";"administrator";"";"False";"";"none";"187be300-17cb-1350-8f3a-b0bac81da35d";"1";"KN_BPA_GSC_AirlogImportProcess/AI0115_S_Prepare_And_Arrange_Customs_Handling";"";"S13";"1";"";"141963417";"NAM/CA/CAYVR/AI";"";"AI0110T0202";"";"";"";"";"";"AC";"120";"1000236513";"BALLCABUR001";"ORGUNIT_SALOG_CAKN_CARBC_AI";"";"";"True";"ACC";"";"ORGUNIT_SALOG_CAKN_CARBC_AI";"ORD";"False";"True";"ACC";"ORGUNIT_SALOG_CAKN_CARBC_AI";"ORD";"";"";"YVR";"YVR";"CA";"NAM";"CA";"NAM";"27-Sep-2018 09:25";"27-Sep-2018 00:50";"ORGUNIT_SALOG_JPKN_JPTYO_AE";"SingleFile";"";"";"";"False";"False";"";"";"NOR";"";"";"";"";"EXW";"";"ORGUNIT_SALOG_CAKN_CARBC_AI";"";"KNIE";"False";"";"";"NOR";"";"True";"ORGUNIT_SALOG_CAKN_CARBC_AI";"26-Sep-2018 22:50";"27-Sep-2018 00:50";"27-Sep-2018 09:25";"27-Sep-2018 11:25";"04-Oct-2018 15:00";"27-Sep-2018 15:25";"27-Sep-2018 22:25";"";"29-Sep-2018 09:25";"29-Sep-2018 19:25";"";"";"";"";"1";"";"NRT";"JP";"SAP";"JP";"SAP";"";"";"dennis.salas";"Ballard Power Systems Inc.";"1000236513";"BALLCABUR001";"GEN-PX";"GEN";"PX";"";"";"HAWB";"True";"";"";"1000640227";"NISSJPCHI001";"";"";"";"";"";"";"";"";"";"";"";"";"25-Sep-2018 21:28";"0.72";"65"
"Active";"Prepare Bond Manifest";"014-48867814";"1022325532";"1022325532";"Epiroc Customer Center";"Epiroc Rock Drills Ab";"ARN";"29-Sep-2018 09:30";"";"25-Sep-2018 07:52";"";"ORGUNIT_SALOG_CAKN_CAYEA_AI";"FA_IMP_Customs";"";"0";"25-Sep-2018 07:52";"";"Arrange local Customs Handling for the related Shipment.";"";"";"False";"";"active";"";"";"26-Sep-2018 01:29";"administrator";"";"False";"";"none";"5e8d3430-c405-1bcd-826e-c78a4ec72246";"1";"KN_BPA_GSC_AirlogImportProcess/AI0115_S_Prepare_And_Arrange_Customs_Handling";"";"S13";"1";"";"141849191";"NAM/CA/CAEDM/AI";"";"AI0110T0202";"";"";"";"";"";"AC";"232";"1000914522";"ATLACAMIS001";"ORGUNIT_SALOG_CAKN_CAYEA_AI";"";"";"True";"ACC";"";"ORGUNIT_SALOG_CAKN_CAYEA_AI";"ORD";"False";"False";"";"";"NOR";"";"";"YEG";"YEG";"CA";"NAM";"CA";"NAM";"28-Sep-2018 20:30";"25-Sep-2018 11:00";"ORGUNIT_SALOG_SEKN_SESTO_AE";"SingleFile";"";"";"";"False";"True";"ACC";"ORGUNIT_SALOG_CAKN_CAYEA_AI";"ORD";"";"";"";"";"CIP";"";"ORGUNIT_SALOG_CAKN_CAYEA_AI";"";"KNIE";"False";"";"";"NOR";"";"True";"ORGUNIT_SALOG_CAKN_CAYEA_AI";"25-Sep-2018 08:00";"25-Sep-2018 11:00";"28-Sep-2018 20:30";"28-Sep-2018 22:30";"01-Oct-2018 13:00";"29-Sep-2018 10:00";"30-Sep-2018 11:00";"02-Oct-2018 11:00";"29-Sep-2018 09:30";"29-Sep-2018 15:30";"";"";"";"";"4";"";"ARN";"SE";"WEU";"SE";"WEU";"";"";"dennis.salas";"Epiroc Rock Drills Ab";"1000073762";"ATLASEOER001";"GEN-PX";"GEN";"PX";"";"";"HAWB";"True";"";"";"1000073762";"ATLASEOER001";"";"25-Sep-2018 11:00";"";"";"";"";"";"";"";"";"";"";"25-Sep-2018 07:51";"1.392";"214"
"Active";"Prepare Bond Manifest";"014-48867792";"1022324167";"1022324167";"Epiroc Customer Center";"Atlas Copco Rock Drills AB";"ARN";"29-Sep-2018 09:30";"";"25-Sep-2018 09:42";"";"ORGUNIT_SALOG_CAKN_CAYEA_AI";"FA_IMP_Customs";"";"0";"25-Sep-2018 09:42";"";"Arrange local Customs Handling for the related Shipment.";"";"";"False";"";"active";"";"";"26-Sep-2018 01:28";"administrator";"";"False";"";"none";"98132fb0-3fdb-1f35-85a2-cdd7d7bc4d43";"1";"KN_BPA_GSC_AirlogImportProcess/AI0115_S_Prepare_And_Arrange_Customs_Handling";"";"S13";"1";"";"141863473";"NAM/CA/CAEDM/AI";"";"AI0110T0202";"";"";"";"";"";"AC";"312.5";"1000914522";"ATLACAMIS001";"ORGUNIT_SALOG_CAKN_CAYEA_AI";"";"";"True";"ACC";"";"ORGUNIT_SALOG_CAKN_CAYEA_AI";"ORD";"False";"False";"";"";"NOR";"";"";"YEG";"YEG";"CA";"NAM";"CA";"NAM";"28-Sep-2018 20:30";"25-Sep-2018 11:00";"ORGUNIT_SALOG_SEKN_SESTO_AE";"SingleFile";"";"";"";"False";"True";"ACC";"ORGUNIT_SALOG_CAKN_CAYEA_AI";"ORD";"";"";"";"";"CIP";"";"ORGUNIT_SALOG_CAKN_CAYEA_AI";"";"KNIE";"False";"";"";"NOR";"";"True";"ORGUNIT_SALOG_CAKN_CAYEA_AI";"25-Sep-2018 08:00";"25-Sep-2018 11:00";"28-Sep-2018 20:30";"28-Sep-2018 22:30";"29-Sep-2018 00:30";"29-Sep-2018 10:00";"30-Sep-2018 11:00";"02-Oct-2018 11:00";"29-Sep-2018 09:30";"29-Sep-2018 15:30";"";"Epiroc Canada Inc.";"1002777106";"EPIRCAEDM001";"9";"";"ARN";"SE";"WEU";"SE";"WEU";"";"";"dennis.salas";"Atlas Copco Rock Drills AB";"1000074410";"ATLASEORE001";"GEN-PX";"GEN";"PX";"";"";"HAWB";"True";"";"";"1000074410";"ATLASEORE001";"";"25-Sep-2018 11:00";"";"";"";"";"";"";"";"";"";"";"25-Sep-2018 09:42";"1.68114";"312.5"
"Active";"Prepare Bond Manifest";"131-52091841";"1022317364";"1022317364";"Ballard Power Systems Inc.";"Tanaka Kikinzoku Kogyo K.K.";"NRT";"29-Sep-2018 11:15";"";"26-Sep-2018 07:05";"";"ORGUNIT_SALOG_CAKN_CARBC_AI";"FA_IMP_Customs";"";"0";"26-Sep-2018 07:05";"";"Arrange local Customs Handling for the related Shipment.";"";"";"False";"";"active";"";"";"26-Sep-2018 07:05";"administrator";"";"False";"";"none";"408335c0-e673-1080-8cf9-a7ab24d8f3c7";"1";"KN_BPA_GSC_AirlogImportProcess/AI0115_S_Prepare_And_Arrange_Customs_Handling";"";"S13";"1";"";"141963606";"NAM/CA/CAYVR/AI";"";"AI0110T0202";"";"";"";"";"";"JL";"45";"1000236513";"BALLCABUR001";"ORGUNIT_SALOG_CAKN_CARBC_AI";"";"";"True";"ACC";"";"ORGUNIT_SALOG_CAKN_CARBC_AI";"ORD";"True";"True";"ACC";"ORGUNIT_SALOG_CAKN_CARBC_AI";"ORD";"";"";"YVR";"YVR";"CA";"NAM";"CA";"NAM";"27-Sep-2018 11:15";"27-Sep-2018 02:20";"ORGUNIT_SALOG_JPKN_JPTYO_AE";"SingleFile";"";"";"";"False";"False";"ACC";"";"NOR";"";"";"";"";"EXW";"";"ORGUNIT_SALOG_CAKN_CARBC_AI";"";"KNIE";"False";"";"";"NOR";"";"True";"ORGUNIT_SALOG_CAKN_CARBC_AI";"27-Sep-2018 00:20";"27-Sep-2018 02:20";"27-Sep-2018 11:15";"27-Sep-2018 13:15";"04-Oct-2018 15:00";"28-Sep-2018 08:15";"28-Sep-2018 00:15";"";"29-Sep-2018 11:15";"29-Sep-2018 19:15";"";"";"";"";"3";"";"NRT";"JP";"SAP";"JP";"SAP";"";"";"dennis.salas";"Ballard Power Systems Inc.";"1000236513";"BALLCABUR001";"GEN-PX";"GEN";"PX";"";"";"HAWB";"True";"";"";"1001173429";"TANAJPCHI001";"";"";"";"";"";"";"";"";"";"";"";"";"25-Sep-2018 20:50";"0.15736";"19"
"Active";"Prepare Bond Manifest";"020-88066650";"1022280764";"1022280764";"Avigilon Corporation";"Videotec Spa";"SWK";"29-Sep-2018 13:00";"";"25-Sep-2018 09:44";"";"ORGUNIT_SALOG_CAKN_CARBC_AI";"FA_IMP_Customs";"";"0";"25-Sep-2018 09:44";"";"Arrange local Customs Handling for the related Shipment.";"";"";"False";"";"active";"";"";"26-Sep-2018 07:53";"administrator";"";"False";"";"none";"66bd03e0-ac17-1838-a6a0-d7152a1ff384";"1";"KN_BPA_GSC_AirlogImportProcess/AI0115_S_Prepare_And_Arrange_Customs_Handling";"";"S13";"1";"";"141863667";"NAM/CA/CAYVR/AI";"";"AI0110T0202";"";"";"";"";"";"LH";"410";"1000871653";"AVIGCAVAN002";"ORGUNIT_SALOG_CAKN_CARBC_AI";"";"Bond Manifest";"True";"ACC";"";"ORGUNIT_SALOG_CAKN_CARBC_AI";"ORD";"False";"True";"ACC";"ORGUNIT_SALOG_CAKN_CARBC_AI";"ORD";"";"";"YVR";"YVR";"CA";"NAM";"CA";"NAM";"27-Sep-2018 14:25";"26-Sep-2018 11:10";"ORGUNIT_SALOG_ITKN_ITVRN_AE";"SingleFile";"";"";"";"False";"False";"ACC";"";"NOR";"";"";"";"";"EXW";"";"ORGUNIT_SALOG_CAKN_CARBC_AI";"";"KNIE";"False";"";"";"NOR";"";"True";"ORGUNIT_SALOG_CAKN_CARBC_AI";"26-Sep-2018 09:10";"26-Sep-2018 11:10";"27-Sep-2018 14:25";"27-Sep-2018 16:25";"26-Sep-2018 15:00";"28-Sep-2018 10:00";"28-Sep-2018 03:25";"";"29-Sep-2018 13:00";"29-Sep-2018 21:00";"";"";"";"";"2";"";"VRN";"IT";"WEU";"IT";"WEU";"";"";"dennis.salas";"Avigilon Corporation";"1000871653";"AVIGCAVAN002";"GEN-XX";"GEN";"XX";"";"";"HAWB";"True";"";"";"1002593030";"VIDEITSCH002";"";"";"";"";"";"";"";"";"25-Sep-2018 15:22";"";"";"";"25-Sep-2018 09:44";"2.46";"308"
"Active";"Prepare Bond Manifest";"014-49747611";"1022020160";"1022020160";"Mcintyre Office Services";"Naughtone Ltd";"LHR";"29-Sep-2018 14:19";"";"24-Sep-2018 09:53";"";"ORGUNIT_SALOG_CAKN_CACAL_AI";"FA_IMP_Customs";"";"0";"24-Sep-2018 09:53";"";"Arrange local Customs Handling for the related Shipment.";"";"";"False";"";"active";"irene.garcia-paulin";"24-Sep-2018 13:01";"24-Sep-2018 13:03";"sysadmin";"";"False";"";"none";"04b614a0-303b-1d4e-a324-a2bb7235a3f7";"1";"KN_BPA_GSC_AirlogImportProcess/AI0115_S_Prepare_And_Arrange_Customs_Handling";"";"S13";"1";"";"141734109";"NAM/CA/CACAL/AI";"";"AI0110T0202";"";"";"";"";"";"AC";"85.5";"1003092188";"MCINCACAL001";"ORGUNIT_SALOG_CAKN_CACAL_AI";"";"";"True";"ACC";"";"ORGUNIT_SALOG_CAKN_CACAL_AI";"ORD";"False";"True";"ACC";"ORGUNIT_SALOG_CAKN_CACAL_AI";"ORD";"";"";"YYC";"YYC";"CA";"NAM";"CA";"NAM";"23-Sep-2018 13:55";"23-Sep-2018 05:05";"ORGUNIT_SALOG_GBKN_GBMAN_AE";"SingleFile";"";"23-Sep-2018 16:20";"";"False";"False";"";"";"NOR";"";"";"";"";"DDP";"ORGUNIT_SALOG_CAKN_CACAL_AI";"ORGUNIT_SALOG_CAKN_CACAL_AI";"";"KNIE";"False";"";"";"NOR";"";"True";"ORGUNIT_SALOG_CAKN_CACAL_AI";"23-Sep-2018 03:05";"23-Sep-2018 05:05";"23-Sep-2018 13:55";"23-Sep-2018 16:55";"23-Sep-2018 12:20";"23-Sep-2018 14:20";"25-Sep-2018 12:30";"26-Sep-2018 07:00";"29-Sep-2018 14:19";"01-Oct-2018 13:00";"";"";"";"";"1";"";"MAN";"GB";"WEU";"GB";"WEU";"";"";"dennis.salas";"Naughtone Ltd";"1001412803";"NAUGGBHAR001";"GEN-PX";"GEN";"PX";"";"";"HAWB";"True";"";"";"1001412803";"NAUGGBHAR001";"";"23-Sep-2018 05:36";"23-Sep-2018 16:20";"";"";"";"";"";"";"";"";"";"24-Sep-2018 07:10";"0.5103";"69"
"Active";"Prepare Bond Manifest";"014-12161623";"FFM-84172912";"1022302807";"MDS Aero Support Corporation";"Rolls-Royce Deutschland Ltd & Co KG";"FRA";"29-Sep-2018 15:59";"";"24-Sep-2018 08:35";"";"ORGUNIT_SALOG_CAKN_CAWNP_AI";"FA_IMP_Customs";"";"0";"24-Sep-2018 08:35";"";"Arrange local Customs Handling for the related Shipment.";"";"";"False";"";"active";"vadim.mandel";"26-Sep-2018 06:54";"26-Sep-2018 08:18";"administrator";"";"False";"";"none";"a561fa30-c56d-118c-9dad-f35b361a18d1";"1";"KN_BPA_GSC_AirlogImportProcess/AI0115_S_Prepare_And_Arrange_Customs_Handling";"";"S13";"1";"";"141723523";"NAM/CA/CAWNP/AI";"";"AI0110T0202";"";"";"";"";"";"AC";"183.5";"1001007356";"MDSACATHO001";"ORGUNIT_SALOG_CAKN_CAWNP_AI";"";"";"True";"ACC";"";"ORGUNIT_SALOG_CAKN_CAWNP_AI";"ORD";"False";"True";"ACC";"ORGUNIT_SALOG_CAKN_CAWNP_AI";"ORD";"";"";"YYC";"YYC";"CA";"NAM";"CA";"NAM";"25-Sep-2018 14:15";"25-Sep-2018 04:55";"ORGUNIT_SALOG_DEKN_DEFFM_AE";"SingleFile";"";"";"";"False";"False";"";"";"NOR";"";"";"";"";"DDP";"";"ORGUNIT_SALOG_CAKN_CAWNP_AI";"";"KNIE";"False";"";"";"NOR";"";"True";"ORGUNIT_SALOG_CAKN_CAWNP_AI";"26-Sep-2018 00:55";"26-Sep-2018 04:55";"25-Sep-2018 14:15";"25-Sep-2018 16:15";"25-Sep-2018 18:15";"27-Sep-2018 08:00";"26-Sep-2018 03:15";"";"29-Sep-2018 15:59";"01-Oct-2018 16:59";"";"";"";"";"1";"";"FRA";"DE";"CEE";"DE";"CEE";"";"";"dennis.salas";"Rolls-Royce Deutschland Ltd & Co KG";"1001433491";"ROLLDEBLA007";"AA-ROU";"AA";"ROU";"";"";"HAWB";"True";"";"";"1001433491";"ROLLDEBLA007";"24-Sep-2018 02:04";"26-Sep-2018 05:18";"";"";"";"";"";"";"25-Sep-2018 09:43";"";"";"";"24-Sep-2018 08:33";"1.1";"105"
"Active";"Prepare Bond Manifest";"014-12183662";"1022354455";"1022354455";"Epiroc Customer Center";"Epiroc Rock Drills Ab";"ARN";"30-Sep-2018 09:30";"";"26-Sep-2018 07:14";"";"ORGUNIT_SALOG_CAKN_CAYEA_AI";"FA_IMP_Customs";"";"0";"26-Sep-2018 07:14";"";"Arrange local Customs Handling for the related Shipment.";"";"";"False";"";"active";"";"";"26-Sep-2018 07:14";"administrator";"";"False";"";"none";"7a3cf1f0-d9fd-1dff-936a-f00cbff0b30b";"1";"KN_BPA_GSC_AirlogImportProcess/AI0115_S_Prepare_And_Arrange_Customs_Handling";"";"S13";"1";"";"141964620";"NAM/CA/CAEDM/AI";"";"AI0110T0202";"";"";"";"";"";"AC";"79.5";"1000914522";"ATLACAMIS001";"ORGUNIT_SALOG_CAKN_CAYEA_AI";"";"";"True";"ACC";"";"ORGUNIT_SALOG_CAKN_CAYEA_AI";"ORD";"False";"False";"";"";"NOR";"";"";"YEG";"YEG";"CA";"NAM";"CA";"NAM";"29-Sep-2018 20:30";"26-Sep-2018 13:00";"ORGUNIT_SALOG_SEKN_SESTO_AE";"SingleFile";"";"";"";"False";"True";"ACC";"ORGUNIT_SALOG_CAKN_CAYEA_AI";"ORD";"";"";"";"";"CIP";"";"ORGUNIT_SALOG_CAKN_CAYEA_AI";"";"KNIE";"False";"ACC";"";"NOR";"";"True";"ORGUNIT_SALOG_CAKN_CAYEA_AI";"26-Sep-2018 06:00";"26-Sep-2018 11:00";"30-Sep-2018 02:30";"30-Sep-2018 04:30";"30-Sep-2018 06:30";"30-Sep-2018 16:00";"01-Oct-2018 17:00";"03-Oct-2018 17:00";"30-Sep-2018 09:30";"30-Sep-2018 15:30";"";"";"";"";"7";"";"ARN";"SE";"WEU";"SE";"WEU";"";"";"dennis.salas";"Epiroc Rock Drills Ab";"1000073762";"ATLASEOER001";"GEN-PX";"GEN";"PX";"";"";"HAWB";"True";"";"";"1000073762";"ATLASEOER001";"";"";"";"";"";"";"";"";"";"";"";"";"26-Sep-2018 07:13";"0.17666";"79.5"
"Active";"Prepare Bond Manifest";"172-31076463";"1022191087";"1022191087";"Babcock Canada Inc";"Righton Limited";"LHR";"30-Sep-2018 14:01";"";"25-Sep-2018 09:45";"";"ORGUNIT_SALOG_CAKN_CARBC_AI";"FA_IMP_Customs";"";"0";"25-Sep-2018 09:45";"";"Arrange local Customs Handling for the related Shipment.";"";"";"False";"";"active";"";"";"25-Sep-2018 09:45";"administrator";"";"False";"";"none";"cbf11370-f60f-1902-816e-e085fad3027c";"1";"KN_BPA_GSC_AirlogImportProcess/AI0115_S_Prepare_And_Arrange_Customs_Handling";"";"S13";"1";"";"141863721";"NAM/CA/CAYVR/AI";"";"AI0110T0202";"";"";"";"";"";"CV";"250";"1001320875";"BABCCAVIC004";"ORGUNIT_SALOG_CAKN_CARBC_AI";"";"";"True";"ACC";"";"ORGUNIT_SALOG_CAKN_CARBC_AI";"ORD";"False";"True";"ACC";"ORGUNIT_SALOG_CAKN_CARBC_AI";"ORD";"";"";"YVR";"YYC";"CA";"NAM";"CA";"NAM";"28-Sep-2018 22:25";"27-Sep-2018 01:00";"ORGUNIT_SALOG_GBKN_GBBRS_AE";"SingleFile";"";"";"";"False";"False";"";"";"NOR";"";"";"";"";"EXW";"ORGUNIT_SALOG_CAKN_CACAL_AI";"ORGUNIT_SALOG_CAKN_CARBC_AI";"";"KNIE";"False";"";"";"NOR";"";"True";"ORGUNIT_SALOG_CAKN_CARBC_AI";"26-Sep-2018 23:00";"27-Sep-2018 01:00";"28-Sep-2018 22:25";"29-Sep-2018 01:25";"24-Sep-2018 15:00";"29-Sep-2018 11:00";"29-Sep-2018 11:25";"";"30-Sep-2018 14:01";"01-Oct-2018 00:01";"";"";"";"";"1";"";"BRS";"GB";"WEU";"GB";"WEU";"";"";"dennis.salas";"Babcock Canada Inc";"1001320875";"BABCCAVIC004";"GEN-PX";"GEN";"PX";"";"";"HAWB";"True";"";"";"1002423157";"RIGHGBSAL001";"";"";"";"";"";"";"";"";"";"";"";"";"25-Sep-2018 09:09";"1.5";"40"
"Active";"Prepare Bond Manifest";"057-69323612";"LAU-21168603";"1022354474";"Tersaknives Inc.";"Samvaz SA";"GVA";"01-Oct-2018 00:20";"";"26-Sep-2018 07:15";"";"ORGUNIT_SALOG_CAKN_CARBC_AI";"FA_IMP_Customs";"";"0";"26-Sep-2018 07:15";"";"Arrange local Customs Handling for the related Shipment.";"";"";"False";"";"active";"";"";"26-Sep-2018 07:15";"administrator";"";"False";"";"none";"6ff8e8b0-67ba-1816-8e5a-a4037364b5ab";"1";"KN_BPA_GSC_AirlogImportProcess/AI0115_S_Prepare_And_Arrange_Customs_Handling";"";"S13";"1";"";"141964697";"NAM/CA/CAYVR/AI";"";"AI0110T0202";"";"";"";"";"";"AF";"554";"1002169809";"TERSCAKAS001";"ORGUNIT_SALOG_CAKN_CARBC_AI";"";"";"True";"ACC";"";"ORGUNIT_SALOG_CAKN_CARBC_AI";"ORD";"False";"False";"CIE";"";"NOR";"";"";"YVR";"YVR";"CA";"NAM";"CA";"NAM";"30-Sep-2018 11:20";"28-Sep-2018 12:00";"ORGUNIT_SALOG_CHKN_CHLAU_AE";"SingleFile";"";"";"";"False";"True";"ACC";"ORGUNIT_SALOG_CAKN_CARBC_AI";"ORD";"";"";"";"";"EXW";"";"ORGUNIT_SALOG_CAKN_CARBC_AI";"";"KNIE";"False";"";"";"NOR";"";"True";"ORGUNIT_SALOG_CAKN_CARBC_AI";"26-Sep-2018 13:46";"";"30-Sep-2018 11:20";"30-Sep-2018 12:20";"";"";"01-Oct-2018 00:20";"";"01-Oct-2018 00:20";"01-Oct-2018 06:20";"";"";"";"";"1";"";"GVA";"CH";"CEE";"CH";"CEE";"";"";"dennis.salas";"Tersaknives Inc.";"1002169809";"TERSCAKAS001";"GEN-PX";"GEN";"PX";"";"";"HAWB";"True";"";"";"1000618021";"SAMVCHCHA001";"";"";"";"";"";"";"";"";"";"";"";"";"26-Sep-2018 07:14";"1.44";"554"
"Active";"Prepare Bond Manifest";"014-49292504";"DTM-83837138";"1022276412";"Nova Chemicals Corp";"OCS Service GmbH";"DTM";"01-Oct-2018 08:00";"";"24-Sep-2018 09:49";"";"ORGUNIT_SALOG_CAKN_CACAL_AI";"FA_IMP_Customs";"";"0";"24-Sep-2018 09:49";"";"Arrange local Customs Handling for the related Shipment.";"";"";"False";"";"active";"";"";"26-Sep-2018 03:17";"administrator";"";"False";"";"none";"a53270f0-7300-12f3-85e6-af4275c0b60f";"1";"KN_BPA_GSC_AirlogImportProcess/AI0115_S_Prepare_And_Arrange_Customs_Handling";"";"S13";"1";"";"141733847";"NAM/CA/CACAL/AI";"";"AI0110T0202";"";"";"";"";"";"AC";"99.5";"1003177895";"NOVACALAC001";"ORGUNIT_SALOG_CAKN_CACAL_AI";"";"";"True";"ACC";"";"ORGUNIT_SALOG_CAKN_CACAL_AI";"ORD";"False";"True";"ACC";"ORGUNIT_SALOG_CAKN_CACAL_AI";"ORD";"";"";"YYC";"YYC";"CA";"NAM";"CA";"NAM";"27-Sep-2018 13:50";"27-Sep-2018 04:30";"ORGUNIT_SALOG_DEKN_DEDTM_AE";"SingleFile";"";"";"";"False";"False";"";"";"NOR";"";"";"";"";"DAP";"";"ORGUNIT_SALOG_CAKN_CACAL_AI";"";"KNIE";"False";"";"";"NOR";"";"True";"ORGUNIT_SALOG_CAKN_CACAL_AI";"26-Sep-2018 22:30";"";"27-Sep-2018 13:50";"27-Sep-2018 19:50";"27-Sep-2018 19:51";"27-Sep-2018 21:51";"28-Sep-2018 02:50";"";"01-Oct-2018 08:00";"03-Oct-2018 10:00";"";"UPS - SCS (CANADA)";"";"";"1";"";"DTM";"DE";"CEE";"DE";"CEE";"";"";"dennis.salas";"OCS Service GmbH";"1001661887";"OCSSDEWIT001";"GEN-PX";"GEN";"PX";"";"";"HAWB";"True";"";"";"1001661887";"OCSSDEWIT001";"26-Sep-2018 00:52";"";"";"";"";"";"";"";"";"";"";"";"24-Sep-2018 09:48";"0.5952";"33.8"
"Active";"Prepare Bond Manifest";"014-49292504";"NUE-85446746";"1022333386";"Palliser Furniture";"Helmut Hübner - Inh. H. Scheithauer";"NUE";"01-Oct-2018 08:00";"";"25-Sep-2018 11:36";"";"ORGUNIT_SALOG_CAKN_CAWNP_AI";"FA_IMP_Customs";"";"0";"25-Sep-2018 11:36";"";"Arrange local Customs Handling for the related Shipment.";"";"";"False";"";"active";"";"";"26-Sep-2018 03:17";"administrator";"";"False";"";"none";"4689ebf0-37a2-133b-8aff-97eb5301e8c6";"1";"KN_BPA_GSC_AirlogImportProcess/AI0115_S_Prepare_And_Arrange_Customs_Handling";"";"S13";"1";"";"141871763";"NAM/CA/CAWNP/AI";"";"AI0110T0202";"";"";"";"";"";"AC";"118";"1002619327";"PALLCAWIN005";"ORGUNIT_SALOG_CAKN_CAWNP_AI";"";"";"False";"ACC";"";"ORGUNIT_SALOG_CAKN_CAWNP_AI";"ORD";"False";"False";"ACC";"ORGUNIT_SALOG_CAKN_CAWNP_AI";"ORD";"";"";"YYC";"YYC";"CA";"NAM";"CA";"NAM";"27-Sep-2018 13:50";"27-Sep-2018 04:30";"ORGUNIT_SALOG_DEKN_DENUE_AE";"SingleFile";"";"";"";"False";"False";"";"";"NOR";"";"";"";"";"EXW";"";"ORGUNIT_SALOG_CAKN_CACAL_AI";"";"KNIE";"False";"";"";"NOR";"";"True";"ORGUNIT_SALOG_CAKN_CAWNP_AI";"27-Sep-2018 01:30";"";"27-Sep-2018 13:50";"27-Sep-2018 19:50";"27-Sep-2018 19:51";"27-Sep-2018 21:51";"28-Sep-2018 02:50";"";"01-Oct-2018 08:00";"03-Oct-2018 10:00";"";"";"";"";"1";"";"NUE";"DE";"CEE";"DE";"CEE";"";"";"dennis.salas";"Palliser Furniture";"1002619327";"PALLCAWIN005";"GEN-PX";"GEN";"PX";"";"";"HAWB";"True";"";"";"1002494805";"HELMDEWEI002";"26-Sep-2018 00:52";"";"";"";"";"";"";"";"";"";"";"";"25-Sep-2018 11:06";"0.21804";"118"
"Active";"Prepare Bond Manifest";"074-20309984";"1022141212";"1022141212";"Schlumberger Canada Limited";"REDA PRODUCTION SYSTEMS(A DIVISIONOF RESERVOIR PDT MFG (S) PTE LTD)";"SIN";"01-Oct-2018 09:59";"";"24-Sep-2018 08:47";"";"ORGUNIT_SALOG_CAKN_CAYEA_AI";"FA_IMP_Customs";"";"0";"24-Sep-2018 08:47";"";"Arrange local Customs Handling for the related Shipment.";"";"";"False";"";"active";"";"";"26-Sep-2018 00:25";"administrator";"";"False";"";"none";"c4fbc740-16b1-1244-ba94-ad4727987fa7";"1";"KN_BPA_GSC_AirlogImportProcess/AI0115_S_Prepare_And_Arrange_Customs_Handling";"";"S13";"1";"";"141724682";"NAM/CA/CAEDM/AI";"";"AI0110T0202";"";"";"";"";"";"KL";"2388";"1002167220";"SCHLCANIS004";"ORGUNIT_SALOG_CAKN_CAYEA_AI";"";"";"True";"ACC";"";"ORGUNIT_SALOG_CAKN_CAYEA_AI";"ORD";"False";"True";"ACC";"ORGUNIT_SALOG_CAKN_CAYEA_AI";"ORD";"";"";"YEG";"YEG";"CA";"NAM";"CA";"NAM";"27-Sep-2018 14:30";"25-Sep-2018 09:40";"ORGUNIT_SALOG_SGKN_SGSIN_AOE";"SingleFile";"";"";"";"False";"True";"ACC";"ORGUNIT_SALOG_CAKN_CAYEA_AI";"ORD";"";"";"";"";"EXW";"";"ORGUNIT_SALOG_CAKN_CAYEA_AI";"";"KNIE";"False";"";"";"NOR";"";"True";"ORGUNIT_SALOG_CAKN_CAYEA_AI";"25-Sep-2018 07:40";"25-Sep-2018 09:40";"27-Sep-2018 14:30";"27-Sep-2018 16:30";"27-Sep-2018 18:30";"28-Sep-2018 10:00";"29-Sep-2018 11:00";"01-Oct-2018 11:00";"01-Oct-2018 09:59";"01-Oct-2018 16:00";"";"";"";"";"14";"";"SIN";"SG";"SAP";"SG";"SAP";"";"";"dennis.salas";"Schlumberger Canada Limited";"1002167220";"SCHLCANIS004";"GEN-PX";"GEN";"PX";"";"";"HAWB";"True";"";"";"1002118579";"REDASGSIN004";"";"25-Sep-2018 08:48";"25-Sep-2018 23:05";"";"";"";"";"";"";"";"";"";"24-Sep-2018 08:45";"3.832982";"2388"
"Active";"Prepare Bond Manifest";"014-49292460";"WOB-80546382";"1022327820";"Volkswagen Canada Inc";"Volkswagen AG";"FRA";"01-Oct-2018 11:00";"";"26-Sep-2018 01:00";"";"ORGUNIT_SALOG_CAKN_CARBC_AI";"FA_IMP_Customs";"";"0";"26-Sep-2018 01:00";"";"Arrange local Customs Handling for the related Shipment.";"";"";"False";"";"active";"";"";"26-Sep-2018 01:12";"administrator";"";"False";"";"none";"fcb71100-e48f-1ef5-83c3-99123b597f1a";"1";"KN_BPA_GSC_AirlogImportProcess/AI0115_S_Prepare_And_Arrange_Customs_Handling";"";"S13";"1";"";"141919884";"NAM/CA/CAYVR/AI";"";"AI0110T0202";"";"";"";"";"";"AC";"119.5";"1000776715";"VOLKCARIC001";"";"";"";"True";"ACC";"";"ORGUNIT_SALOG_CAKN_CARBC_AI";"ORD";"False";"True";"ACC";"ORGUNIT_SALOG_CAKN_CARBC_AI";"ORD";"";"";"YVR";"YVR";"CA";"NAM";"CA";"NAM";"27-Sep-2018 11:05";"27-Sep-2018 01:15";"ORGUNIT_SALOG_DEKN_DEWOB_AE";"SingleFile";"";"";"";"False";"False";"";"";"NOR";"";"";"";"";"CPT";"";"ORGUNIT_SALOG_CAKN_CARBC_AI";"";"KNIE";"False";"";"";"NOR";"";"True";"ORGUNIT_SALOG_CAKN_CARBC_AI";"26-Sep-2018 19:15";"27-Sep-2018 01:15";"27-Sep-2018 11:05";"27-Sep-2018 17:05";"27-Sep-2018 17:06";"27-Sep-2018 19:06";"28-Sep-2018 00:05";"";"01-Oct-2018 11:00";"01-Oct-2018 15:00";"";"";"";"";"1";"";"FRA";"DE";"CEE";"DE";"CEE";"";"";"";"Volkswagen AG";"1000000004";"VOLKDEWOL001";"GEN-PX";"GEN";"PX";"";"";"HAWB";"True";"";"";"1000000004";"VOLKDEWOL001";"25-Sep-2018 23:23";"";"";"";"";"";"";"";"";"";"";"";"26-Sep-2018 01:00";"0.715008";"49"
"Active";"Prepare Bond Manifest";"014-49292460";"WOB-80546292";"1022301687";"Volkswagen Canada Inc";"Volkswagen AG";"FRA";"01-Oct-2018 11:00";"";"26-Sep-2018 01:00";"";"ORGUNIT_SALOG_CAKN_CARBC_AI";"FA_IMP_Customs";"";"0";"26-Sep-2018 01:00";"";"Arrange local Customs Handling for the related Shipment.";"";"";"False";"";"active";"";"";"26-Sep-2018 01:12";"administrator";"";"False";"";"none";"8b8bce30-632c-1a41-a523-903cfeab3e65";"1";"KN_BPA_GSC_AirlogImportProcess/AI0115_S_Prepare_And_Arrange_Customs_Handling";"";"S13";"1";"";"141919883";"NAM/CA/CAYVR/AI";"";"AI0110T0202";"";"";"";"";"";"AC";"119.5";"1000776715";"VOLKCARIC001";"";"";"";"True";"ACC";"";"ORGUNIT_SALOG_CAKN_CARBC_AI";"ORD";"False";"True";"ACC";"ORGUNIT_SALOG_CAKN_CARBC_AI";"ORD";"";"";"YVR";"YVR";"CA";"NAM";"CA";"NAM";"27-Sep-2018 11:05";"27-Sep-2018 01:15";"ORGUNIT_SALOG_DEKN_DEWOB_AE";"SingleFile";"";"";"";"False";"False";"CIE";"";"NOR";"";"";"";"";"CPT";"";"ORGUNIT_SALOG_CAKN_CARBC_AI";"";"KNIE";"False";"";"";"NOR";"";"True";"ORGUNIT_SALOG_CAKN_CARBC_AI";"26-Sep-2018 19:15";"27-Sep-2018 01:15";"27-Sep-2018 11:05";"27-Sep-2018 17:05";"27-Sep-2018 17:06";"27-Sep-2018 19:06";"28-Sep-2018 00:05";"";"01-Oct-2018 11:00";"01-Oct-2018 15:00";"";"";"";"";"1";"";"FRA";"DE";"CEE";"DE";"CEE";"";"";"";"Volkswagen AG";"1000000004";"VOLKDEWOL001";"GEN-PX";"GEN";"PX";"";"";"HAWB";"True";"";"";"1000000004";"VOLKDEWOL001";"25-Sep-2018 23:23";"";"";"";"";"";"";"";"";"";"";"";"26-Sep-2018 01:00";"0.715008";"40"
"Active";"Prepare Bond Manifest";"014-49292913";"MUC-85148237";"1022332592";"Volkswagen Canada Inc";"Audi AG";"MUC";"01-Oct-2018 11:00";"";"25-Sep-2018 09:48";"";"ORGUNIT_SALOG_CAKN_CARBC_AI";"FA_IMP_Customs";"";"0";"25-Sep-2018 09:48";"";"Arrange local Customs Handling for the related Shipment.";"";"";"False";"";"active";"";"";"25-Sep-2018 09:48";"administrator";"";"False";"";"none";"94da5090-28cf-170e-b507-9646a843504a";"1";"KN_BPA_GSC_AirlogImportProcess/AI0115_S_Prepare_And_Arrange_Customs_Handling";"";"S13";"1";"";"141863895";"NAM/CA/CAYVR/AI";"";"AI0110T0202";"";"";"";"";"";"AC";"29";"1000776715";"VOLKCARIC001";"ORGUNIT_SALOG_CAKN_CARBC_AI";"";"";"True";"ACC";"";"ORGUNIT_SALOG_CAKN_CARBC_AI";"ORD";"False";"True";"ACC";"ORGUNIT_SALOG_CAKN_CARBC_AI";"ORD";"";"";"YVR";"YVR";"CA";"NAM";"CA";"NAM";"27-Sep-2018 10:09";"26-Sep-2018 02:50";"ORGUNIT_SALOG_DEKN_DEMUC_AE";"SingleFile";"";"";"";"False";"False";"";"";"NOR";"";"";"";"";"CPT";"";"ORGUNIT_SALOG_CAKN_CARBC_AI";"";"KNIE";"False";"";"";"NOR";"";"True";"ORGUNIT_SALOG_CAKN_CARBC_AI";"25-Sep-2018 22:50";"26-Sep-2018 02:50";"27-Sep-2018 10:09";"27-Sep-2018 16:09";"27-Sep-2018 16:10";"27-Sep-2018 18:10";"27-Sep-2018 23:09";"";"01-Oct-2018 11:00";"01-Oct-2018 15:00";"";"";"";"";"1";"";"MUC";"DE";"CEE";"DE";"CEE";"";"";"dennis.salas";"Volkswagen AG";"1000000004";"VOLKDEWOL001";"AU-PX";"AU";"PX";"";"";"HAWB";"True";"";"";"1002476146";"AUDIDEING036";"";"";"";"";"";"";"";"";"";"";"";"";"25-Sep-2018 09:47";"0.17385";"3.1"
"Active";"Prepare Bond Manifest";"014-49292913";"STR-82353404";"1022298306";"Cyclone Diamond Products";"Weka Elektrowerkzeuge";"MUC";"01-Oct-2018 11:00";"";"24-Sep-2018 07:34";"";"ORGUNIT_SALOG_CAKN_CARBC_AI";"FA_IMP_Customs";"";"0";"24-Sep-2018 07:34";"";"Arrange local Customs Handling for the related Shipment.";"";"";"False";"";"active";"";"";"25-Sep-2018 08:04";"administrator";"";"False";"";"none";"a1ff4ac0-95a1-1dec-bb5f-b3afd2db8b03";"1";"KN_BPA_GSC_AirlogImportProcess/AI0115_S_Prepare_And_Arrange_Customs_Handling";"";"S13";"1";"";"141715556";"NAM/CA/CAYVR/AI";"";"AI0110T0202";"";"";"";"";"";"AC";"394";"1002012144";"CYCLCABUR001";"ORGUNIT_SALOG_CAKN_CARBC_AI";"";"";"True";"ACC";"";"ORGUNIT_SALOG_CAKN_CARBC_AI";"ORD";"False";"False";"CIE";"";"NOR";"";"";"YVR";"YVR";"CA";"NAM";"CA";"NAM";"27-Sep-2018 10:09";"26-Sep-2018 02:50";"ORGUNIT_SALOG_DEKN_DESTR_AE";"SingleFile";"";"";"";"False";"True";"ACC";"ORGUNIT_SALOG_CAKN_CARBC_AI";"ORD";"";"";"";"";"FOB";"";"ORGUNIT_SALOG_CAKN_CARBC_AI";"";"KNIE";"False";"";"";"NOR";"";"True";"ORGUNIT_SALOG_CAKN_CARBC_AI";"25-Sep-2018 20:50";"26-Sep-2018 02:50";"27-Sep-2018 10:09";"27-Sep-2018 16:09";"27-Sep-2018 16:10";"27-Sep-2018 18:10";"27-Sep-2018 23:09";"";"01-Oct-2018 11:00";"01-Oct-2018 15:00";"";"";"";"";"3";"";"STR";"DE";"CEE";"DE";"CEE";"";"";"dennis.salas";"Cyclone Diamond Products";"1002012144";"CYCLCABUR001";"GEN-PX";"GEN";"PX";"";"";"HAWB";"True";"";"";"1000017058";"WEKADENEU001";"";"";"";"";"";"";"";"";"";"";"";"";"24-Sep-2018 07:34";"2.0756";"394"
"Active";"Prepare Bond Manifest";"014-49292913";"MUC-85148140";"1022304815";"Volkswagen Canada Inc";"Audi AG";"MUC";"01-Oct-2018 11:00";"";"25-Sep-2018 09:50";"";"ORGUNIT_SALOG_CAKN_CARBC_AI";"FA_IMP_Customs";"";"0";"25-Sep-2018 09:50";"";"Arrange local Customs Handling for the related Shipment.";"";"";"False";"";"active";"";"";"25-Sep-2018 09:50";"administrator";"";"False";"";"none";"b6ae9480-8d14-1dc2-b359-9cb7d5682e0b";"1";"KN_BPA_GSC_AirlogImportProcess/AI0115_S_Prepare_And_Arrange_Customs_Handling";"";"S13";"1";"";"141864061";"NAM/CA/CAYVR/AI";"";"AI0110T0202";"";"";"";"";"";"AC";"111";"1000776715";"VOLKCARIC001";"ORGUNIT_SALOG_CAKN_CARBC_AI";"";"";"True";"ACC";"";"ORGUNIT_SALOG_CAKN_CARBC_AI";"ORD";"False";"True";"ACC";"ORGUNIT_SALOG_CAKN_CARBC_AI";"ORD";"";"";"YVR";"YVR";"CA";"NAM";"CA";"NAM";"27-Sep-2018 10:09";"26-Sep-2018 02:50";"ORGUNIT_SALOG_DEKN_DEMUC_AE";"SingleFile";"";"";"";"False";"False";"";"";"NOR";"";"";"";"";"CPT";"";"ORGUNIT_SALOG_CAKN_CARBC_AI";"";"KNIE";"False";"";"";"NOR";"";"True";"ORGUNIT_SALOG_CAKN_CARBC_AI";"25-Sep-2018 22:50";"26-Sep-2018 02:50";"27-Sep-2018 10:09";"27-Sep-2018 16:09";"27-Sep-2018 16:10";"27-Sep-2018 18:10";"27-Sep-2018 23:09";"";"01-Oct-2018 11:00";"01-Oct-2018 15:00";"";"";"";"";"4";"";"MUC";"DE";"CEE";"DE";"CEE";"";"";"dennis.salas";"Volkswagen AG";"1000000004";"VOLKDEWOL001";"AU-PX";"AU";"PX";"";"";"HAWB";"True";"";"";"1002476146";"AUDIDEING036";"";"";"";"";"";"";"";"";"";"";"";"";"25-Sep-2018 09:48";"0.663576";"43.6"
"Active";"Prepare Bond Manifest";"074-16467290";"ERL-85770259";"1022269506";"Siemens Canada Ltd.";"Siemens AG";"NUE";"02-Oct-2018 03:35";"";"21-Sep-2018 08:46";"";"ORGUNIT_SALOG_CAKN_CAYEA_AI";"FA_IMP_Customs";"";"0";"21-Sep-2018 08:46";"";"Arrange local Customs Handling for the related Shipment.";"";"";"False";"";"active";"irene.garcia-paulin";"21-Sep-2018 14:54";"21-Sep-2018 14:54";"sysadmin";"";"False";"";"none";"017b31f0-35aa-1c23-abf9-b15419f5902d";"1";"KN_BPA_GSC_AirlogImportProcess/AI0115_S_Prepare_And_Arrange_Customs_Handling";"";"S13";"1";"";"141532038";"NAM/CA/CAEDM/AI";"";"AI0110T0202";"";"";"";"";"";"KL";"550";"1001098031";"SIEMCAOAK001";"ORGUNIT_SALOG_CAKN_CATOR_AI";"";"";"False";"PEN";"";"ORGUNIT_SALOG_CAKN_CAYEA_AI";"ORD";"False";"False";"PEN";"ORGUNIT_SALOG_CAKN_CAYEA_AI";"ORD";"";"";"YEG";"YEG";"CA";"NAM";"CA";"NAM";"01-Oct-2018 14:35";"29-Sep-2018 14:50";"ORGUNIT_SALOG_DEKN_DEERL_AE";"SingleFile";"";"";"";"False";"False";"";"";"NOR";"";"";"";"";"FCA";"";"ORGUNIT_SALOG_CAKN_CAYEA_AI";"";"KNIE";"False";"";"";"NOR";"";"True";"ORGUNIT_SALOG_CAKN_CATOR_AI";"21-Sep-2018 18:05";"";"01-Oct-2018 14:35";"01-Oct-2018 15:35";"";"";"02-Oct-2018 03:35";"";"02-Oct-2018 03:35";"02-Oct-2018 09:35";"";"";"";"";"3";"";"NUE";"DE";"CEE";"DE";"CEE";"";"";"nazareth.gonzalez";"Siemens AG";"1001278427";"SIEMDEMUE005";"GEN-PX";"GEN";"PX";"";"";"HAWB";"True";"";"";"1000055146";"SIEMDENUR001";"";"";"";"";"";"";"";"";"";"";"";"";"21-Sep-2018 08:41";"2.6016";"550"
"Active";"Prepare Bond Manifest";"074-16467290";"ERL-85770632";"1022305664";"Siemens Canada Ltd.";"Siemens AG";"NUE";"02-Oct-2018 03:35";"";"24-Sep-2018 10:23";"";"ORGUNIT_SALOG_CAKN_CAYEA_AI";"FA_IMP_Customs";"";"0";"24-Sep-2018 10:23";"";"Arrange local Customs Handling for the related Shipment.";"";"";"False";"";"active";"parmjit.atwal";"25-Sep-2018 20:10";"25-Sep-2018 20:15";"sysadmin";"";"False";"";"none";"f0cb1a10-7e05-161a-bf25-c696e4e650b0";"1";"KN_BPA_GSC_AirlogImportProcess/AI0115_S_Prepare_And_Arrange_Customs_Handling";"";"S13";"1";"";"141736599";"NAM/CA/CAEDM/AI";"";"AI0110T0202";"";"";"";"";"";"KL";"136";"1001098031";"SIEMCAOAK001";"ORGUNIT_SALOG_CAKN_CATOR_AI";"";"";"False";"PEN";"";"ORGUNIT_SALOG_CAKN_CAYEA_AI";"ORD";"False";"False";"PEN";"ORGUNIT_SALOG_CAKN_CAYEA_AI";"ORD";"";"";"YEG";"YEG";"CA";"NAM";"CA";"NAM";"01-Oct-2018 14:35";"29-Sep-2018 14:50";"ORGUNIT_SALOG_DEKN_DEERL_AE";"SingleFile";"";"";"";"False";"False";"";"";"NOR";"";"";"";"";"FCA";"";"ORGUNIT_SALOG_CAKN_CAYEA_AI";"";"KNIE";"False";"CIE";"";"NOR";"";"True";"ORGUNIT_SALOG_CAKN_CATOR_AI";"24-Sep-2018 18:22";"";"01-Oct-2018 14:35";"01-Oct-2018 15:35";"";"";"02-Oct-2018 03:35";"";"02-Oct-2018 03:35";"02-Oct-2018 09:35";"";"";"";"";"1";"";"NUE";"DE";"CEE";"DE";"CEE";"";"";"laura.alvarado.trejos";"Siemens AG";"1001278427";"SIEMDEMUE005";"GEN-PX";"GEN";"PX";"";"";"HAWB";"True";"";"";"1001191919";"SIEMDEERL032";"";"";"";"";"";"";"";"";"";"";"";"";"24-Sep-2018 10:03";"0.2976";"136"
"Active";"Prepare Bond Manifest";"074-16467290";"ERL-85770641";"1022305996";"Siemens Canada Ltd.";"Siemens AG";"NUE";"02-Oct-2018 03:35";"";"24-Sep-2018 10:00";"";"ORGUNIT_SALOG_CAKN_CAYEA_AI";"FA_IMP_Customs";"";"0";"24-Sep-2018 10:00";"";"Arrange local Customs Handling for the related Shipment.";"";"";"False";"";"active";"parmjit.atwal";"25-Sep-2018 20:15";"25-Sep-2018 20:18";"sysadmin";"";"False";"";"none";"217b05b0-a2bf-1187-bbd1-9d46e2d60a43";"1";"KN_BPA_GSC_AirlogImportProcess/AI0115_S_Prepare_And_Arrange_Customs_Handling";"";"S13";"1";"";"141734959";"NAM/CA/CAEDM/AI";"";"AI0110T0202";"";"";"";"";"";"KL";"157";"1001098031";"SIEMCAOAK001";"ORGUNIT_SALOG_CAKN_CATOR_AI";"";"Bond Manifest";"False";"PEN";"";"ORGUNIT_SALOG_CAKN_CAYEA_AI";"ORD";"False";"False";"PEN";"ORGUNIT_SALOG_CAKN_CAYEA_AI";"ORD";"";"";"YEG";"YEG";"CA";"NAM";"CA";"NAM";"01-Oct-2018 14:35";"29-Sep-2018 14:50";"ORGUNIT_SALOG_DEKN_DEERL_AE";"SingleFile";"";"";"";"False";"False";"";"";"NOR";"";"";"";"";"FCA";"";"ORGUNIT_SALOG_CAKN_CAYEA_AI";"";"KNIE";"False";"";"";"NOR";"";"True";"ORGUNIT_SALOG_CAKN_CATOR_AI";"24-Sep-2018 18:22";"";"01-Oct-2018 14:35";"01-Oct-2018 15:35";"";"";"02-Oct-2018 03:35";"";"02-Oct-2018 03:35";"02-Oct-2018 09:35";"";"";"";"";"1";"";"NUE";"DE";"CEE";"DE";"CEE";"";"";"laura.alvarado.trejos";"Siemens AG";"1001278427";"SIEMDEMUE005";"GEN-PX";"GEN";"PX";"";"";"HAWB";"True";"";"";"1001191919";"SIEMDEERL032";"";"";"";"";"";"";"";"";"";"";"";"";"24-Sep-2018 09:51";"0.72891";"156.8"
"Active";"Prepare Bond Manifest";"074-16467290";"ERL-85770538";"1022301716";"Siemens Canada Ltd.";"Siemens AG";"NUE";"02-Oct-2018 03:35";"";"24-Sep-2018 14:02";"";"ORGUNIT_SALOG_CAKN_CAYEA_AI";"FA_IMP_Customs";"";"0";"24-Sep-2018 14:02";"";"Arrange local Customs Handling for the related Shipment.";"";"";"False";"";"active";"parmjit.atwal";"25-Sep-2018 20:20";"25-Sep-2018 20:22";"sysadmin";"";"False";"";"none";"54994740-2d93-1f7d-8b4c-f26cbb483a27";"1";"KN_BPA_GSC_AirlogImportProcess/AI0115_S_Prepare_And_Arrange_Customs_Handling";"";"S13";"1";"";"141751214";"NAM/CA/CAEDM/AI";"";"AI0110T0202";"";"";"";"";"";"KL";"6";"1001098031";"SIEMCAOAK001";"ORGUNIT_SALOG_CAKN_CATOR_AI";"";"";"False";"PEN";"";"ORGUNIT_SALOG_CAKN_CAYEA_AI";"ORD";"False";"False";"PEN";"ORGUNIT_SALOG_CAKN_CAYEA_AI";"ORD";"";"";"YEG";"YEG";"CA";"NAM";"CA";"NAM";"01-Oct-2018 14:35";"29-Sep-2018 14:50";"ORGUNIT_SALOG_DEKN_DEERL_AE";"SingleFile";"";"";"";"False";"False";"";"";"NOR";"";"";"";"";"FCA";"";"ORGUNIT_SALOG_CAKN_CAYEA_AI";"";"KNIE";"False";"";"";"NOR";"";"True";"ORGUNIT_SALOG_CAKN_CATOR_AI";"24-Sep-2018 14:37";"";"01-Oct-2018 14:35";"01-Oct-2018 15:35";"";"";"02-Oct-2018 03:35";"";"02-Oct-2018 03:35";"02-Oct-2018 09:35";"";"";"";"";"1";"";"NUE";"DE";"CEE";"DE";"CEE";"";"";"nazareth.gonzalez";"Siemens AG";"1001278427";"SIEMDEMUE005";"GEN-PX";"GEN";"PX";"";"";"HAWB";"True";"";"";"1001191919";"SIEMDEERL032";"";"";"";"";"";"";"";"";"";"";"";"";"24-Sep-2018 09:06";"0.04554";"5.8"
"Active";"Prepare Bond Manifest";"615-26175855";"ZUR-21392683";"1022364398";"Bomimed Inc.";"Hamilton Bonaduz AG";"ZRH";"02-Oct-2018 18:00";"";"26-Sep-2018 07:59";"";"ORGUNIT_SALOG_CAKN_CAWNP_AI";"FA_IMP_Customs";"";"0";"26-Sep-2018 07:59";"";"Arrange local Customs Handling for the related Shipment.";"";"";"False";"";"active";"";"";"26-Sep-2018 07:59";"administrator";"";"False";"";"none";"51c22aa0-76dc-19ee-bd11-859bc8c75b0d";"1";"KN_BPA_GSC_AirlogImportProcess/AI0115_S_Prepare_And_Arrange_Customs_Handling";"";"S13";"1";"";"141969188";"NAM/CA/CAWNP/AI";"";"AI0110T0202";"";"";"";"";"";"QY";"10";"1002979118";"BOMICAWIN001";"ORGUNIT_SALOG_CAKN_CAWNP_AI";"";"";"True";"ACC";"";"ORGUNIT_SALOG_CAKN_CAWNP_AI";"ORD";"False";"True";"ACC";"ORGUNIT_SALOG_CAKN_CAWNP_AI";"ORD";"";"";"YYC";"YYC";"CA";"NAM";"CA";"NAM";"02-Oct-2018 05:00";"27-Sep-2018 17:00";"ORGUNIT_SALOG_CHKN_CHZRH_AE";"SingleFile";"";"";"";"False";"False";"";"";"NOR";"";"";"";"";"EXW";"";"ORGUNIT_SALOG_CAKN_CAWNP_AI";"";"KNIE";"False";"";"";"NOR";"";"True";"ORGUNIT_SALOG_CAKN_CAWNP_AI";"27-Sep-2018 12:00";"";"02-Oct-2018 05:00";"02-Oct-2018 11:00";"02-Oct-2018 13:00";"02-Oct-2018 15:00";"03-Oct-2018 08:00";"05-Oct-2018 08:00";"02-Oct-2018 18:00";"03-Oct-2018 00:00";"";"";"";"";"1";"";"ZRH";"CH";"CEE";"CH";"CEE";"";"";"dennis.salas";"Bomimed Inc.";"1002979118";"BOMICAWIN001";"GEN-PX";"GEN";"PX";"";"";"HAWB";"True";"";"";"1000204099";"HAMICHBON001";"";"";"";"";"";"";"";"";"";"";"";"";"26-Sep-2018 07:55";"0.06";"2.9"
"Active";"Prepare Bond Manifest";"074-18915013";"1022094542";"1022094542";"Domicile Contact Sales Ltd";"Saba Italia S.r.l.";"SWK";"04-Oct-2018 09:58";"";"24-Sep-2018 09:51";"";"ORGUNIT_SALOG_CAKN_CACAL_AI";"FA_IMP_Customs";"";"0";"24-Sep-2018 09:51";"";"Arrange local Customs Handling for the related Shipment.";"";"";"False";"";"active";"";"";"25-Sep-2018 13:40";"administrator";"";"False";"";"none";"9c78dbb0-d3f2-181f-b753-901c1d8fb9a6";"1";"KN_BPA_GSC_AirlogImportProcess/AI0115_S_Prepare_And_Arrange_Customs_Handling";"";"S13";"1";"";"141733962";"NAM/CA/CACAL/AI";"";"AI0110T0202";"";"";"";"";"";"KL";"385.5";"1003162111";"DOMICACAL003";"ORGUNIT_SALOG_CAKN_CACAL_AI";"";"";"True";"ACC";"";"ORGUNIT_SALOG_CAKN_CACAL_AI";"ORD";"False";"True";"ACC";"ORGUNIT_SALOG_CAKN_CACAL_AI";"ORD";"";"";"YYC";"YYC";"CA";"NAM";"CA";"NAM";"27-Sep-2018 12:25";"25-Sep-2018 14:00";"ORGUNIT_SALOG_ITKN_ITVRN_AE";"SingleFile";"";"";"";"False";"False";"ACC";"";"NOR";"";"";"";"";"EXW";"";"ORGUNIT_SALOG_CAKN_CACAL_AI";"";"KNIE";"False";"ACC";"";"NOR";"";"True";"ORGUNIT_SALOG_CAKN_CACAL_AI";"25-Sep-2018 12:00";"25-Sep-2018 14:00";"27-Sep-2018 12:25";"27-Sep-2018 20:25";"26-Sep-2018 10:00";"28-Sep-2018 10:00";"28-Sep-2018 16:00";"30-Sep-2018 16:00";"04-Oct-2018 09:58";"04-Oct-2018 16:00";"";"";"";"";"5";"";"VRN";"IT";"WEU";"IT";"WEU";"";"";"dennis.salas";"Domicile Contact Sales Ltd";"1003162111";"DOMICACAL003";"GEN-PX";"GEN";"PX";"";"";"HAWB";"True";"";"";"1001843819";"SABAITSAN001";"";"25-Sep-2018 13:00";"";"";"";"";"";"";"";"";"";"";"24-Sep-2018 09:50";"2.31253";"128"
"Active";"Prepare Bond Manifest";"125-83285661";"1021909516";"1021909516";"Robyn Moody";"GNRation";"OPO";"04-Oct-2018 13:58";"";"25-Sep-2018 07:15";"";"ORGUNIT_SALOG_CAKN_CACAL_AI";"FA_IMP_Customs";"";"0";"25-Sep-2018 07:15";"";"Arrange local Customs Handling for the related Shipment.";"";"";"False";"";"active";"";"";"25-Sep-2018 07:15";"administrator";"";"False";"";"none";"d03ea5b0-8433-126a-bcbc-a17e645bb1eb";"1";"KN_BPA_GSC_AirlogImportProcess/AI0115_S_Prepare_And_Arrange_Customs_Handling";"";"S13";"1";"";"141842543";"NAM/CA/CACAL/AI";"";"AI0110T0202";"";"";"";"";"";"BA";"651";"1001826732";"ROBYCACAL001";"";"";"";"False";"ACC";"";"ORGUNIT_SALOG_CAKN_CACAL_AI";"ORD";"False";"False";"ACC";"ORGUNIT_SALOG_CAKN_CACAL_AI";"ORD";"";"";"YYC";"YYC";"CA";"NAM";"CA";"NAM";"27-Sep-2018 19:15";"26-Sep-2018 10:35";"ORGUNIT_SALOG_PTKN_PTOPO_AE";"SingleFile";"";"";"";"False";"False";"ACC";"";"NOR";"";"";"";"";"DAP";"";"ORGUNIT_SALOG_CAKN_CACAL_AI";"";"KNIE";"False";"";"";"NOR";"";"True";"ORGUNIT_SALOG_CAKN_CACAL_AI";"26-Sep-2018 08:35";"26-Sep-2018 10:35";"27-Sep-2018 19:15";"28-Sep-2018 10:00";"28-Sep-2018 12:00";"28-Sep-2018 14:00";"29-Sep-2018 12:00";"01-Oct-2018 12:00";"04-Oct-2018 13:58";"09-Oct-2018 10:00";"";"";"";"";"7";"";"OPO";"PT";"WEU";"PT";"WEU";"";"";"irene.garcia-paulin";"GNRation";"1003148506";"GNRAPTBRA001";"GEN-PX";"GEN";"PX";"";"";"HAWB";"True";"";"";"1003148506";"GNRAPTBRA001";"";"";"";"";"";"";"";"";"";"";"";"";"25-Sep-2018 07:13";"3.737152";"651"
"Active";"Prepare Bond Manifest";"014-48865600";"1022335243";"1022335243";"Simplot Canada (II) Limited";"Rosenqvist Food Technologies AB";"MMX";"06-Oct-2018 14:59";"";"26-Sep-2018 08:01";"";"ORGUNIT_SALOG_CAKN_CAWNP_AI";"FA_IMP_Customs";"";"0";"26-Sep-2018 08:01";"";"Arrange local Customs Handling for the related Shipment.";"";"";"False";"";"active";"";"";"26-Sep-2018 08:01";"administrator";"";"False";"";"none";"1802ae00-7918-1b9a-bed9-cbcaac3b3390";"1";"KN_BPA_GSC_AirlogImportProcess/AI0115_S_Prepare_And_Arrange_Customs_Handling";"";"S13";"1";"";"141969995";"NAM/CA/CAWNP/AI";"";"AI0110T0202";"";"";"";"";"";"AC";"104";"1001620451";"SIMPCAPOR001";"ORGUNIT_SALOG_CAKN_CAWNP_AI";"";"";"True";"ACC";"";"ORGUNIT_SALOG_CAKN_CAWNP_AI";"ORD";"False";"True";"ACC";"ORGUNIT_SALOG_CAKN_CAWNP_AI";"ORD";"";"";"YWG";"YWG";"CA";"NAM";"CA";"NAM";"02-Oct-2018 10:00";"26-Sep-2018 11:00";"ORGUNIT_SALOG_SEKN_SEMMA_AE";"SingleFile";"";"";"";"False";"False";"ACC";"";"NOR";"";"";"";"";"DAP";"";"ORGUNIT_SALOG_CAKN_CAWNP_AI";"";"KNIE";"False";"";"";"NOR";"";"True";"ORGUNIT_SALOG_CAKN_CAWNP_AI";"26-Sep-2018 09:00";"26-Sep-2018 11:00";"02-Oct-2018 10:00";"02-Oct-2018 12:00";"02-Oct-2018 14:00";"04-Oct-2018 07:00";"02-Oct-2018 23:00";"";"06-Oct-2018 14:59";"06-Oct-2018 23:59";"";"";"";"";"1";"";"MMX";"SE";"WEU";"SE";"WEU";"";"";"dennis.salas";"Rosenqvist Food Technologies AB";"1000526088";"ROSESEGAE001";"GEN-PX";"GEN";"PX";"";"";"HAWB";"True";"";"";"1000526088";"ROSESEGAE001";"";"";"";"";"";"";"";"";"";"";"";"";"26-Sep-2018 08:00";"0.624";"64"
"Active";"Prepare Bond Manifest";"014-50178575";"1022349948";"1022349948";"Batus";"Team Leidos";"LHR";"07-Oct-2018 09:58";"";"26-Sep-2018 07:45";"";"ORGUNIT_SALOG_CAKN_CACAL_AI";"FA_IMP_Customs";"";"0";"26-Sep-2018 07:45";"";"Arrange local Customs Handling for the related Shipment.";"";"";"False";"";"active";"";"";"26-Sep-2018 07:45";"administrator";"";"False";"";"none";"5f98a2e0-bf7b-1b52-867b-bfe91ffac1fa";"1";"KN_BPA_GSC_AirlogImportProcess/AI0115_S_Prepare_And_Arrange_Customs_Handling";"";"S13";"1";"";"141967829";"NAM/CA/CACAL/AI";"";"AI0110T0202";"";"";"";"";"";"AC";"114";"1002688033";"BATUCARAL001";"ORGUNIT_SALOG_CAKN_CACAL_AI";"";"";"True";"ACC";"";"ORGUNIT_SALOG_CAKN_CACAL_AI";"ORD";"False";"True";"ACC";"ORGUNIT_SALOG_CAKN_CACAL_AI";"ORD";"";"";"YYC";"YYC";"CA";"NAM";"CA";"NAM";"30-Sep-2018 13:55";"30-Sep-2018 05:05";"ORGUNIT_SALOG_GBKN_GBLHR_AQ";"SingleFile";"";"";"";"False";"False";"";"";"NOR";"";"";"";"";"DDP";"";"ORGUNIT_SALOG_CAKN_CACAL_AI";"";"KNIE";"False";"";"";"NOR";"";"True";"ORGUNIT_SALOG_CAKN_CACAL_AI";"30-Sep-2018 03:05";"30-Sep-2018 05:05";"30-Sep-2018 13:55";"30-Sep-2018 15:55";"30-Sep-2018 17:55";"01-Oct-2018 10:00";"01-Oct-2018 16:00";"03-Oct-2018 16:00";"07-Oct-2018 09:58";"11-Oct-2018 10:00";"";"";"";"";"1";"";"LHR";"GB";"WEU";"GB";"WEU";"";"";"dennis.salas";"Team Leidos";"1001972767";"TEAMGBBAN001";"GEN-PX";"GEN";"PX";"";"";"HAWB";"True";"";"";"1001972767";"TEAMGBBAN001";"";"";"";"";"";"";"";"";"";"";"";"";"26-Sep-2018 07:42";"0.6816";"65"
